"","lea_code","lea_name","school_code","school_name","assessment","assessmenttype","cohort","subject","grade","year","subgroup","percent_level_1","percent_level_2","percent_level_3","percent_level_4","percent_level_5","percent_proficient","percent_proficient_3+"
"1","All","All","All","All","All","All","Tested","Reading","All","2014-2015","Limited English Proficient",NA,NA,NA,NA,NA,0.12,0.34
"2","All","All","All","All","All","All","Tested","Reading","All","2014-2015","Male",NA,NA,NA,NA,NA,0.21,0.41
"3","All","All","All","All","All","All","Tested","Reading","All","2014-2015","Not Economically Disadvantaged",NA,NA,NA,NA,NA,0.57,0.78
"4","All","All","All","All","All","All","Tested","Reading","All","2014-2015","Not Limited English Proficient",NA,NA,NA,NA,NA,0.27,0.49
"5","All","All","All","All","All","All","Tested","Reading","All","2014-2015","Not Special Education",NA,NA,NA,NA,NA,0.29,0.54
"6","All","All","All","All","All","All","Tested","Reading","All","2014-2015","Pacific Islander",NA,NA,NA,NA,NA,0.32,0.56
"7","All","All","All","All","All","All","Tested","Reading","All","2014-2015","All",NA,NA,NA,NA,NA,0.25,0.48
"8","All","All","All","All","All","All","Tested","Reading","All","2014-2015","White",NA,NA,NA,NA,NA,0.79,0.91
"9","All","All","All","All","All","All","Tested","Reading","9th Grade - 12th Grade","2014-2015","All",NA,NA,NA,NA,NA,0.25,0.42
"10","All","All","All","All","All","All","Tested","Reading","All","2014-2015","Economically Disadvantaged",NA,NA,NA,NA,NA,0.15,0.38
"11","All","All","All","All","All","All","Tested","Reading","All","2014-2015","American Indian",NA,NA,NA,NA,NA,0.26,0.64
"12","All","All","All","All","All","All","Tested","Reading","3rd Grade - 8th Grade","2014-2015","All",NA,NA,NA,NA,NA,0.25,0.48
"13","All","All","All","All","All","All","Tested","Reading","All","2014-2015","Hispanic",NA,NA,NA,NA,NA,0.22,0.49
"14","All","All","All","All","All","All","Tested","Reading","All","2014-2015","Multiracial",NA,NA,NA,NA,NA,0.64,0.82
"15","All","All","All","All","All","All","Tested","Reading","All","2014-2015","Female",NA,NA,NA,NA,NA,0.29,0.54
"16","All","All","All","All","All","All","Tested","Reading","All","2014-2015","Black/African American",NA,NA,NA,NA,NA,0.17,0.4
"17","All","All","All","All","All","All","Tested","Reading","All","2014-2015","Asian",NA,NA,NA,NA,NA,0.55,0.77
"18","All","All","All","All","All","All","Tested","Reading","All","2014-2015","Special Education",NA,NA,NA,NA,NA,0.07,0.15
"19","All","All","All","All","All","All","Tested","Reading","English II","2014-2015","Multiracial",NA,NA,NA,NA,NA,0.83,0.89
"20","All","All","All","All","All","All","Tested","Reading","English II","2014-2015","Not Economically Disadvantaged",NA,NA,NA,NA,NA,0.55,0.73
"21","All","All","All","All","All","All","Tested","Reading","English II","2014-2015","Hispanic",NA,NA,NA,NA,NA,0.26,0.44
"22","All","All","All","All","All","All","Tested","Reading","English II","2014-2015","Limited English Proficient",NA,NA,NA,NA,NA,0.05,0.23
"23","All","All","All","All","All","All","Tested","Reading","English II","2014-2015","Not Limited English Proficient",NA,NA,NA,NA,NA,0.27,0.44
"24","All","All","All","All","All","All","Tested","Reading","English II","2014-2015","Black/African American",NA,NA,NA,NA,NA,0.2,0.38
"25","All","All","All","All","All","All","Tested","Reading","English II","2014-2015","Female",NA,NA,NA,NA,NA,0.31,0.5
"26","All","All","All","All","All","All","Tested","Reading","English II","2014-2015","All",NA,NA,NA,NA,NA,0.25,0.42
"27","All","All","All","All","All","All","Tested","Reading","English II","2014-2015","Male",NA,NA,NA,NA,NA,0.19,0.35
"28","All","All","All","All","All","All","Tested","Reading","English II","2014-2015","White",NA,NA,NA,NA,NA,0.82,0.89
"29","All","All","All","All","All","All","Tested","Reading","English II","2014-2015","Asian",NA,NA,NA,NA,NA,0.48,0.67
"30","All","All","All","All","All","All","Tested","Reading","English II","2014-2015","Not Special Education",NA,NA,NA,NA,NA,0.29,0.49
"31","All","All","All","All","All","All","Tested","Reading","English II","2014-2015","Economically Disadvantaged",NA,NA,NA,NA,NA,0.16,0.34
"32","All","All","All","All","All","All","Tested","Reading","English II","2014-2015","Special Education",NA,NA,NA,NA,NA,0.04,0.11
"33","All","All","All","All","All","All","Tested","Reading","11th Grade","2014-2015","Male",NA,NA,NA,NA,NA,0.5,0.5
"34","All","All","All","All","All","All","Tested","Reading","11th Grade","2014-2015","Not Limited English Proficient",NA,NA,NA,NA,NA,0.49,0.49
"35","All","All","All","All","All","All","Tested","Reading","11th Grade","2014-2015","All",NA,NA,NA,NA,NA,0.49,0.49
"36","All","All","All","All","All","All","Tested","Reading","11th Grade","2014-2015","Economically Disadvantaged",NA,NA,NA,NA,NA,0.53,0.53
"37","All","All","All","All","All","All","Tested","Reading","11th Grade","2014-2015","Black/African American",NA,NA,NA,NA,NA,0.49,0.49
"38","All","All","All","All","All","All","Tested","Reading","11th Grade","2014-2015","Special Education",NA,NA,NA,NA,NA,0.49,0.49
"39","All","All","All","All","All","All","Tested","Reading","3rd Grade","2014-2015","Asian",NA,NA,NA,NA,NA,0.45,0.69
"40","All","All","All","All","All","All","Tested","Reading","3rd Grade","2014-2015","Black/African American",NA,NA,NA,NA,NA,0.17,0.37
"41","All","All","All","All","All","All","Tested","Reading","3rd Grade","2014-2015","Not Limited English Proficient",NA,NA,NA,NA,NA,0.26,0.46
"42","All","All","All","All","All","All","Tested","Reading","3rd Grade","2014-2015","Hispanic",NA,NA,NA,NA,NA,0.17,0.4
"43","All","All","All","All","All","All","Tested","Reading","3rd Grade","2014-2015","Male",NA,NA,NA,NA,NA,0.22,0.41
"44","All","All","All","All","All","All","Tested","Reading","3rd Grade","2014-2015","Economically Disadvantaged",NA,NA,NA,NA,NA,0.15,0.34
"45","All","All","All","All","All","All","Tested","Reading","3rd Grade","2014-2015","Female",NA,NA,NA,NA,NA,0.27,0.48
"46","All","All","All","All","All","All","Tested","Reading","3rd Grade","2014-2015","Not Special Education",NA,NA,NA,NA,NA,0.28,0.49
"47","All","All","All","All","All","All","Tested","Reading","3rd Grade","2014-2015","All",NA,NA,NA,NA,NA,0.25,0.44
"48","All","All","All","All","All","All","Tested","Reading","3rd Grade","2014-2015","Limited English Proficient",NA,NA,NA,NA,NA,0.15,0.35
"49","All","All","All","All","All","All","Tested","Reading","3rd Grade","2014-2015","White",NA,NA,NA,NA,NA,0.71,0.89
"50","All","All","All","All","All","All","Tested","Reading","3rd Grade","2014-2015","Multiracial",NA,NA,NA,NA,NA,0.63,0.79
"51","All","All","All","All","All","All","Tested","Reading","3rd Grade","2014-2015","Not Economically Disadvantaged",NA,NA,NA,NA,NA,0.57,0.8
"52","All","All","All","All","All","All","Tested","Reading","3rd Grade","2014-2015","Special Education",NA,NA,NA,NA,NA,0.06,0.15
"53","All","All","All","All","All","All","Tested","Reading","4th Grade","2014-2015","Female",NA,NA,NA,NA,NA,0.3,0.57
"54","All","All","All","All","All","All","Tested","Reading","4th Grade","2014-2015","White",NA,NA,NA,NA,NA,0.79,0.93
"55","All","All","All","All","All","All","Tested","Reading","4th Grade","2014-2015","Male",NA,NA,NA,NA,NA,0.22,0.46
"56","All","All","All","All","All","All","Tested","Reading","4th Grade","2014-2015","Not Economically Disadvantaged",NA,NA,NA,NA,NA,0.63,0.83
"57","All","All","All","All","All","All","Tested","Reading","4th Grade","2014-2015","Not Limited English Proficient",NA,NA,NA,NA,NA,0.27,0.52
"58","All","All","All","All","All","All","Tested","Reading","4th Grade","2014-2015","All",NA,NA,NA,NA,NA,0.26,0.51
"59","All","All","All","All","All","All","Tested","Reading","4th Grade","2014-2015","Economically Disadvantaged",NA,NA,NA,NA,NA,0.14,0.41
"60","All","All","All","All","All","All","Tested","Reading","4th Grade","2014-2015","Not Special Education",NA,NA,NA,NA,NA,0.29,0.57
"61","All","All","All","All","All","All","Tested","Reading","4th Grade","2014-2015","Limited English Proficient",NA,NA,NA,NA,NA,0.15,0.43
"62","All","All","All","All","All","All","Tested","Reading","4th Grade","2014-2015","Multiracial",NA,NA,NA,NA,NA,0.62,0.76
"63","All","All","All","All","All","All","Tested","Reading","4th Grade","2014-2015","Asian",NA,NA,NA,NA,NA,0.63,0.77
"64","All","All","All","All","All","All","Tested","Reading","4th Grade","2014-2015","Hispanic",NA,NA,NA,NA,NA,0.23,0.53
"65","All","All","All","All","All","All","Tested","Reading","4th Grade","2014-2015","Black/African American",NA,NA,NA,NA,NA,0.16,0.43
"66","All","All","All","All","All","All","Tested","Reading","4th Grade","2014-2015","Special Education",NA,NA,NA,NA,NA,0.09,0.17
"67","All","All","All","All","All","All","Tested","Reading","5th Grade","2014-2015","Black/African American",NA,NA,NA,NA,NA,0.17,0.43
"68","All","All","All","All","All","All","Tested","Reading","5th Grade","2014-2015","Not Economically Disadvantaged",NA,NA,NA,NA,NA,0.59,0.8
"69","All","All","All","All","All","All","Tested","Reading","5th Grade","2014-2015","Not Special Education",NA,NA,NA,NA,NA,0.3,0.58
"70","All","All","All","All","All","All","Tested","Reading","5th Grade","2014-2015","White",NA,NA,NA,NA,NA,0.8,0.91
"71","All","All","All","All","All","All","Tested","Reading","5th Grade","2014-2015","Asian",NA,NA,NA,NA,NA,0.66,0.88
"72","All","All","All","All","All","All","Tested","Reading","5th Grade","2014-2015","Not Limited English Proficient",NA,NA,NA,NA,NA,0.28,0.53
"73","All","All","All","All","All","All","Tested","Reading","5th Grade","2014-2015","Economically Disadvantaged",NA,NA,NA,NA,NA,0.15,0.41
"74","All","All","All","All","All","All","Tested","Reading","5th Grade","2014-2015","All",NA,NA,NA,NA,NA,0.26,0.51
"75","All","All","All","All","All","All","Tested","Reading","5th Grade","2014-2015","Female",NA,NA,NA,NA,NA,0.31,0.56
"76","All","All","All","All","All","All","Tested","Reading","5th Grade","2014-2015","Hispanic",NA,NA,NA,NA,NA,0.23,0.51
"77","All","All","All","All","All","All","Tested","Reading","5th Grade","2014-2015","Male",NA,NA,NA,NA,NA,0.21,0.45
"78","All","All","All","All","All","All","Tested","Reading","5th Grade","2014-2015","Multiracial",NA,NA,NA,NA,NA,0.63,0.88
"79","All","All","All","All","All","All","Tested","Reading","5th Grade","2014-2015","Limited English Proficient",NA,NA,NA,NA,NA,0.1,0.35
"80","All","All","All","All","All","All","Tested","Reading","5th Grade","2014-2015","Special Education",NA,NA,NA,NA,NA,0.07,0.17
"81","All","All","All","All","All","All","Tested","Reading","6th Grade","2014-2015","Not Limited English Proficient",NA,NA,NA,NA,NA,0.24,0.51
"82","All","All","All","All","All","All","Tested","Reading","6th Grade","2014-2015","Black/African American",NA,NA,NA,NA,NA,0.15,0.42
"83","All","All","All","All","All","All","Tested","Reading","6th Grade","2014-2015","Male",NA,NA,NA,NA,NA,0.19,0.41
"84","All","All","All","All","All","All","Tested","Reading","6th Grade","2014-2015","Limited English Proficient",NA,NA,NA,NA,NA,0.1,0.28
"85","All","All","All","All","All","All","Tested","Reading","6th Grade","2014-2015","Hispanic",NA,NA,NA,NA,NA,0.21,0.51
"86","All","All","All","All","All","All","Tested","Reading","6th Grade","2014-2015","Not Special Education",NA,NA,NA,NA,NA,0.27,0.56
"87","All","All","All","All","All","All","Tested","Reading","6th Grade","2014-2015","Female",NA,NA,NA,NA,NA,0.28,0.57
"88","All","All","All","All","All","All","Tested","Reading","6th Grade","2014-2015","All",NA,NA,NA,NA,NA,0.23,0.49
"89","All","All","All","All","All","All","Tested","Reading","6th Grade","2014-2015","Economically Disadvantaged",NA,NA,NA,NA,NA,0.13,0.39
"90","All","All","All","All","All","All","Tested","Reading","6th Grade","2014-2015","White",NA,NA,NA,NA,NA,0.79,0.91
"91","All","All","All","All","All","All","Tested","Reading","6th Grade","2014-2015","Not Economically Disadvantaged",NA,NA,NA,NA,NA,0.49,0.73
"92","All","All","All","All","All","All","Tested","Reading","6th Grade","2014-2015","Asian",NA,NA,NA,NA,NA,0.47,0.78
"93","All","All","All","All","All","All","Tested","Reading","6th Grade","2014-2015","Multiracial",NA,NA,NA,NA,NA,0.62,0.86
"94","All","All","All","All","All","All","Tested","Reading","6th Grade","2014-2015","Special Education",NA,NA,NA,NA,NA,0.06,0.15
"95","All","All","All","All","All","All","Tested","Reading","7th Grade","2014-2015","Hispanic",NA,NA,NA,NA,NA,0.23,0.52
"96","All","All","All","All","All","All","Tested","Reading","7th Grade","2014-2015","Black/African American",NA,NA,NA,NA,NA,0.17,0.39
"97","All","All","All","All","All","All","Tested","Reading","7th Grade","2014-2015","All",NA,NA,NA,NA,NA,0.25,0.47
"98","All","All","All","All","All","All","Tested","Reading","7th Grade","2014-2015","Male",NA,NA,NA,NA,NA,0.21,0.41
"99","All","All","All","All","All","All","Tested","Reading","7th Grade","2014-2015","White",NA,NA,NA,NA,NA,0.84,0.93
"100","All","All","All","All","All","All","Tested","Reading","7th Grade","2014-2015","Limited English Proficient",NA,NA,NA,NA,NA,0.08,0.25
"101","All","All","All","All","All","All","Tested","Reading","7th Grade","2014-2015","Female",NA,NA,NA,NA,NA,0.29,0.54
"102","All","All","All","All","All","All","Tested","Reading","7th Grade","2014-2015","Not Limited English Proficient",NA,NA,NA,NA,NA,0.26,0.49
"103","All","All","All","All","All","All","Tested","Reading","7th Grade","2014-2015","Economically Disadvantaged",NA,NA,NA,NA,NA,0.15,0.38
"104","All","All","All","All","All","All","Tested","Reading","7th Grade","2014-2015","Multiracial",NA,NA,NA,NA,NA,0.65,0.82
"105","All","All","All","All","All","All","Tested","Reading","7th Grade","2014-2015","Not Economically Disadvantaged",NA,NA,NA,NA,NA,0.56,0.76
"106","All","All","All","All","All","All","Tested","Reading","7th Grade","2014-2015","Not Special Education",NA,NA,NA,NA,NA,0.29,0.54
"107","All","All","All","All","All","All","Tested","Reading","7th Grade","2014-2015","Asian",NA,NA,NA,NA,NA,0.57,0.75
"108","All","All","All","All","All","All","Tested","Reading","7th Grade","2014-2015","Special Education",NA,NA,NA,NA,NA,0.09,0.17
"109","All","All","All","All","All","All","Tested","Reading","8th Grade","2014-2015","Multiracial",NA,NA,NA,NA,NA,0.6,0.81
"110","All","All","All","All","All","All","Tested","Reading","8th Grade","2014-2015","Male",NA,NA,NA,NA,NA,0.19,0.38
"111","All","All","All","All","All","All","Tested","Reading","8th Grade","2014-2015","Economically Disadvantaged",NA,NA,NA,NA,NA,0.16,0.38
"112","All","All","All","All","All","All","Tested","Reading","8th Grade","2014-2015","Hispanic",NA,NA,NA,NA,NA,0.26,0.52
"113","All","All","All","All","All","All","Tested","Reading","8th Grade","2014-2015","White",NA,NA,NA,NA,NA,0.86,0.94
"114","All","All","All","All","All","All","Tested","Reading","8th Grade","2014-2015","All",NA,NA,NA,NA,NA,0.26,0.47
"115","All","All","All","All","All","All","Tested","Reading","8th Grade","2014-2015","Asian",NA,NA,NA,NA,NA,0.58,0.82
"116","All","All","All","All","All","All","Tested","Reading","8th Grade","2014-2015","Female",NA,NA,NA,NA,NA,0.32,0.57
"117","All","All","All","All","All","All","Tested","Reading","8th Grade","2014-2015","Not Economically Disadvantaged",NA,NA,NA,NA,NA,0.57,0.77
"118","All","All","All","All","All","All","Tested","Reading","8th Grade","2014-2015","Black/African American",NA,NA,NA,NA,NA,0.19,0.41
"119","All","All","All","All","All","All","Tested","Reading","8th Grade","2014-2015","Not Limited English Proficient",NA,NA,NA,NA,NA,0.27,0.49
"120","All","All","All","All","All","All","Tested","Reading","8th Grade","2014-2015","Not Special Education",NA,NA,NA,NA,NA,0.3,0.55
"121","All","All","All","All","All","All","Tested","Reading","8th Grade","2014-2015","Limited English Proficient",NA,NA,NA,NA,NA,0.12,0.32
"122","All","All","All","All","All","All","Tested","Reading","8th Grade","2014-2015","Special Education",NA,NA,NA,NA,NA,0.08,0.15
"123","All","All","All","All","All","All","Tested","Math","Algebra I","2014-2015","Limited English Proficient",NA,NA,NA,NA,NA,0.11,0.24
"124","All","All","All","All","All","All","Tested","Math","Algebra I","2014-2015","Hispanic",NA,NA,NA,NA,NA,0.18,0.44
"125","All","All","All","All","All","All","Tested","Math","Algebra I","2014-2015","Not Economically Disadvantaged",NA,NA,NA,NA,NA,0.47,0.81
"126","All","All","All","All","All","All","Tested","Math","Algebra I","2014-2015","Black/African American",NA,NA,NA,NA,NA,0.16,0.49
"127","All","All","All","All","All","All","Tested","Math","Algebra I","2014-2015","Female",NA,NA,NA,NA,NA,0.3,0.62
"128","All","All","All","All","All","All","Tested","Math","Algebra I","2014-2015","White",NA,NA,NA,NA,NA,0.65,0.94
"129","All","All","All","All","All","All","Tested","Math","Algebra I","2014-2015","Asian",NA,NA,NA,NA,NA,0.39,0.82
"130","All","All","All","All","All","All","Tested","Math","Algebra I","2014-2015","All",NA,NA,NA,NA,NA,0.29,0.6
"131","All","All","All","All","All","All","Tested","Math","Algebra I","2014-2015","Not Special Education",NA,NA,NA,NA,NA,0.3,0.62
"132","All","All","All","All","All","All","Tested","Math","Algebra I","2014-2015","Not Limited English Proficient",NA,NA,NA,NA,NA,0.3,0.62
"133","All","All","All","All","All","All","Tested","Math","Algebra I","2014-2015","Male",NA,NA,NA,NA,NA,0.27,0.57
"134","All","All","All","All","All","All","Tested","Math","Algebra I","2014-2015","Economically Disadvantaged",NA,NA,NA,NA,NA,0.14,0.42
"135","All","All","All","All","All","All","Tested","Math","Algebra I","2014-2015","Special Education",NA,NA,NA,NA,NA,0.07,0.25
"136","All","All","All","All","All","All","Tested","Math","All","2014-2015","Not Economically Disadvantaged",NA,NA,NA,NA,NA,0.47,0.75
"137","All","All","All","All","All","All","Tested","Math","All","2014-2015","Female",NA,NA,NA,NA,NA,0.23,0.5
"138","All","All","All","All","All","All","Tested","Math","All","2014-2015","Multiracial",NA,NA,NA,NA,NA,0.55,0.81
"139","All","All","All","All","All","All","Tested","Math","All","2014-2015","Not Limited English Proficient",NA,NA,NA,NA,NA,0.23,0.48
"140","All","All","All","All","All","All","Tested","Math","All","2014-2015","Limited English Proficient",NA,NA,NA,NA,NA,0.16,0.42
"141","All","All","All","All","All","All","Tested","Math","All","2014-2015","Not Special Education",NA,NA,NA,NA,NA,0.26,0.54
"142","All","All","All","All","All","All","Tested","Math","All","2014-2015","American Indian",NA,NA,NA,NA,NA,0.18,0.56
"143","All","All","All","All","All","All","Tested","Math","All","2014-2015","Economically Disadvantaged",NA,NA,NA,NA,NA,0.15,0.39
"144","All","All","All","All","All","All","Tested","Math","All","2014-2015","White",NA,NA,NA,NA,NA,0.68,0.9
"145","All","All","All","All","All","All","Tested","Math","3rd Grade - 8th Grade","2014-2015","All",NA,NA,NA,NA,NA,0.24,0.49
"146","All","All","All","All","All","All","Tested","Math","All","2014-2015","All",NA,NA,NA,NA,NA,0.22,0.48
"147","All","All","All","All","All","All","Tested","Math","All","2014-2015","Male",NA,NA,NA,NA,NA,0.22,0.45
"148","All","All","All","All","All","All","Tested","Math","All","2014-2015","Asian",NA,NA,NA,NA,NA,0.57,0.83
"149","All","All","All","All","All","All","Tested","Math","All","2014-2015","Hispanic",NA,NA,NA,NA,NA,0.2,0.5
"150","All","All","All","All","All","All","Tested","Math","All","2014-2015","Black/African American",NA,NA,NA,NA,NA,0.16,0.41
"151","All","All","All","All","All","All","Tested","Math","All","2014-2015","Pacific Islander",NA,NA,NA,NA,NA,0.28,0.62
"152","All","All","All","All","All","All","Tested","Math","9th Grade - 12th Grade","2014-2015","All",NA,NA,NA,NA,NA,0.14,0.39
"153","All","All","All","All","All","All","Tested","Math","All","2014-2015","Special Education",NA,NA,NA,NA,NA,0.08,0.18
"154","All","All","All","All","All","All","Tested","Math","Geometry","2014-2015","Asian",NA,NA,NA,NA,NA,0.48,0.72
"155","All","All","All","All","All","All","Tested","Math","Geometry","2014-2015","White",NA,NA,NA,NA,NA,0.51,0.83
"156","All","All","All","All","All","All","Tested","Math","Geometry","2014-2015","All",NA,NA,NA,NA,NA,0.1,0.33
"157","All","All","All","All","All","All","Tested","Math","Geometry","2014-2015","Hispanic",NA,NA,NA,NA,NA,0.09,0.35
"158","All","All","All","All","All","All","Tested","Math","Geometry","2014-2015","Female",NA,NA,NA,NA,NA,0.1,0.36
"159","All","All","All","All","All","All","Tested","Math","Geometry","2014-2015","Black/African American",NA,NA,NA,NA,NA,0.04,0.26
"160","All","All","All","All","All","All","Tested","Math","Geometry","2014-2015","Male",NA,NA,NA,NA,NA,0.09,0.31
"161","All","All","All","All","All","All","Tested","Math","Geometry","2014-2015","Economically Disadvantaged",NA,NA,NA,NA,NA,0.04,0.24
"162","All","All","All","All","All","All","Tested","Math","Geometry","2014-2015","Multiracial",NA,NA,NA,NA,NA,0.43,0.83
"163","All","All","All","All","All","All","Tested","Math","Geometry","2014-2015","Not Special Education",NA,NA,NA,NA,NA,0.11,0.38
"164","All","All","All","All","All","All","Tested","Math","Geometry","2014-2015","Not Economically Disadvantaged",NA,NA,NA,NA,NA,0.28,0.64
"165","All","All","All","All","All","All","Tested","Math","Geometry","2014-2015","Limited English Proficient",NA,NA,NA,NA,NA,0.04,0.18
"166","All","All","All","All","All","All","Tested","Math","Geometry","2014-2015","Not Limited English Proficient",NA,NA,NA,NA,NA,0.1,0.35
"167","All","All","All","All","All","All","Tested","Math","Geometry","2014-2015","Special Education",NA,NA,NA,NA,NA,0.01,0.08
"168","All","All","All","All","All","All","Tested","Math","11th Grade","2014-2015","Male",NA,NA,NA,NA,NA,0.43,0.43
"169","All","All","All","All","All","All","Tested","Math","11th Grade","2014-2015","Black/African American",NA,NA,NA,NA,NA,0.46,0.46
"170","All","All","All","All","All","All","Tested","Math","11th Grade","2014-2015","All",NA,NA,NA,NA,NA,0.44,0.44
"171","All","All","All","All","All","All","Tested","Math","11th Grade","2014-2015","Not Limited English Proficient",NA,NA,NA,NA,NA,0.44,0.44
"172","All","All","All","All","All","All","Tested","Math","11th Grade","2014-2015","Economically Disadvantaged",NA,NA,NA,NA,NA,0.48,0.48
"173","All","All","All","All","All","All","Tested","Math","11th Grade","2014-2015","Special Education",NA,NA,NA,NA,NA,0.44,0.44
"174","All","All","All","All","All","All","Tested","Math","3rd Grade","2014-2015","Male",NA,NA,NA,NA,NA,0.32,0.56
"175","All","All","All","All","All","All","Tested","Math","3rd Grade","2014-2015","Female",NA,NA,NA,NA,NA,0.29,0.57
"176","All","All","All","All","All","All","Tested","Math","3rd Grade","2014-2015","Black/African American",NA,NA,NA,NA,NA,0.23,0.49
"177","All","All","All","All","All","All","Tested","Math","3rd Grade","2014-2015","All",NA,NA,NA,NA,NA,0.3,0.56
"178","All","All","All","All","All","All","Tested","Math","3rd Grade","2014-2015","Asian",NA,NA,NA,NA,NA,0.64,0.92
"179","All","All","All","All","All","All","Tested","Math","3rd Grade","2014-2015","Hispanic",NA,NA,NA,NA,NA,0.25,0.56
"180","All","All","All","All","All","All","Tested","Math","3rd Grade","2014-2015","Not Special Education",NA,NA,NA,NA,NA,0.34,0.62
"181","All","All","All","All","All","All","Tested","Math","3rd Grade","2014-2015","Not Economically Disadvantaged",NA,NA,NA,NA,NA,0.59,0.84
"182","All","All","All","All","All","All","Tested","Math","3rd Grade","2014-2015","Limited English Proficient",NA,NA,NA,NA,NA,0.24,0.54
"183","All","All","All","All","All","All","Tested","Math","3rd Grade","2014-2015","Economically Disadvantaged",NA,NA,NA,NA,NA,0.22,0.48
"184","All","All","All","All","All","All","Tested","Math","3rd Grade","2014-2015","Multiracial",NA,NA,NA,NA,NA,0.66,0.85
"185","All","All","All","All","All","All","Tested","Math","3rd Grade","2014-2015","Not Limited English Proficient",NA,NA,NA,NA,NA,0.31,0.57
"186","All","All","All","All","All","All","Tested","Math","3rd Grade","2014-2015","White",NA,NA,NA,NA,NA,0.73,0.92
"187","All","All","All","All","All","All","Tested","Math","3rd Grade","2014-2015","Special Education",NA,NA,NA,NA,NA,0.08,0.23
"188","All","All","All","All","All","All","Tested","Math","4th Grade","2014-2015","Black/African American",NA,NA,NA,NA,NA,0.2,0.45
"189","All","All","All","All","All","All","Tested","Math","4th Grade","2014-2015","Multiracial",NA,NA,NA,NA,NA,0.58,0.83
"190","All","All","All","All","All","All","Tested","Math","4th Grade","2014-2015","Male",NA,NA,NA,NA,NA,0.27,0.51
"191","All","All","All","All","All","All","Tested","Math","4th Grade","2014-2015","Not Economically Disadvantaged",NA,NA,NA,NA,NA,0.6,0.83
"192","All","All","All","All","All","All","Tested","Math","4th Grade","2014-2015","Hispanic",NA,NA,NA,NA,NA,0.26,0.59
"193","All","All","All","All","All","All","Tested","Math","4th Grade","2014-2015","White",NA,NA,NA,NA,NA,0.72,0.9
"194","All","All","All","All","All","All","Tested","Math","4th Grade","2014-2015","Asian",NA,NA,NA,NA,NA,0.71,0.89
"195","All","All","All","All","All","All","Tested","Math","4th Grade","2014-2015","Limited English Proficient",NA,NA,NA,NA,NA,0.22,0.53
"196","All","All","All","All","All","All","Tested","Math","4th Grade","2014-2015","Not Limited English Proficient",NA,NA,NA,NA,NA,0.29,0.53
"197","All","All","All","All","All","All","Tested","Math","4th Grade","2014-2015","Female",NA,NA,NA,NA,NA,0.29,0.56
"198","All","All","All","All","All","All","Tested","Math","4th Grade","2014-2015","Economically Disadvantaged",NA,NA,NA,NA,NA,0.18,0.44
"199","All","All","All","All","All","All","Tested","Math","4th Grade","2014-2015","Not Special Education",NA,NA,NA,NA,NA,0.31,0.59
"200","All","All","All","All","All","All","Tested","Math","4th Grade","2014-2015","All",NA,NA,NA,NA,NA,0.28,0.53
"201","All","All","All","All","All","All","Tested","Math","4th Grade","2014-2015","Special Education",NA,NA,NA,NA,NA,0.1,0.21
"202","All","All","All","All","All","All","Tested","Math","5th Grade","2014-2015","Asian",NA,NA,NA,NA,NA,0.73,0.92
"203","All","All","All","All","All","All","Tested","Math","5th Grade","2014-2015","Not Special Education",NA,NA,NA,NA,NA,0.29,0.6
"204","All","All","All","All","All","All","Tested","Math","5th Grade","2014-2015","All",NA,NA,NA,NA,NA,0.25,0.53
"205","All","All","All","All","All","All","Tested","Math","5th Grade","2014-2015","Not Limited English Proficient",NA,NA,NA,NA,NA,0.27,0.54
"206","All","All","All","All","All","All","Tested","Math","5th Grade","2014-2015","Not Economically Disadvantaged",NA,NA,NA,NA,NA,0.53,0.78
"207","All","All","All","All","All","All","Tested","Math","5th Grade","2014-2015","Limited English Proficient",NA,NA,NA,NA,NA,0.12,0.43
"208","All","All","All","All","All","All","Tested","Math","5th Grade","2014-2015","Economically Disadvantaged",NA,NA,NA,NA,NA,0.16,0.45
"209","All","All","All","All","All","All","Tested","Math","5th Grade","2014-2015","Black/African American",NA,NA,NA,NA,NA,0.18,0.46
"210","All","All","All","All","All","All","Tested","Math","5th Grade","2014-2015","Multiracial",NA,NA,NA,NA,NA,0.55,0.86
"211","All","All","All","All","All","All","Tested","Math","5th Grade","2014-2015","Hispanic",NA,NA,NA,NA,NA,0.22,0.53
"212","All","All","All","All","All","All","Tested","Math","5th Grade","2014-2015","Male",NA,NA,NA,NA,NA,0.25,0.51
"213","All","All","All","All","All","All","Tested","Math","5th Grade","2014-2015","Female",NA,NA,NA,NA,NA,0.26,0.55
"214","All","All","All","All","All","All","Tested","Math","5th Grade","2014-2015","White",NA,NA,NA,NA,NA,0.72,0.9
"215","All","All","All","All","All","All","Tested","Math","5th Grade","2014-2015","Special Education",NA,NA,NA,NA,NA,0.07,0.21
"216","All","All","All","All","All","All","Tested","Math","6th Grade","2014-2015","Asian",NA,NA,NA,NA,NA,0.54,0.77
"217","All","All","All","All","All","All","Tested","Math","6th Grade","2014-2015","Economically Disadvantaged",NA,NA,NA,NA,NA,0.12,0.37
"218","All","All","All","All","All","All","Tested","Math","6th Grade","2014-2015","Black/African American",NA,NA,NA,NA,NA,0.14,0.39
"219","All","All","All","All","All","All","Tested","Math","6th Grade","2014-2015","Hispanic",NA,NA,NA,NA,NA,0.19,0.5
"220","All","All","All","All","All","All","Tested","Math","6th Grade","2014-2015","Not Special Education",NA,NA,NA,NA,NA,0.24,0.53
"221","All","All","All","All","All","All","Tested","Math","6th Grade","2014-2015","White",NA,NA,NA,NA,NA,0.71,0.9
"222","All","All","All","All","All","All","Tested","Math","6th Grade","2014-2015","Multiracial",NA,NA,NA,NA,NA,0.51,0.82
"223","All","All","All","All","All","All","Tested","Math","6th Grade","2014-2015","Female",NA,NA,NA,NA,NA,0.22,0.49
"224","All","All","All","All","All","All","Tested","Math","6th Grade","2014-2015","Male",NA,NA,NA,NA,NA,0.2,0.44
"225","All","All","All","All","All","All","Tested","Math","6th Grade","2014-2015","All",NA,NA,NA,NA,NA,0.21,0.46
"226","All","All","All","All","All","All","Tested","Math","6th Grade","2014-2015","Not Economically Disadvantaged",NA,NA,NA,NA,NA,0.44,0.71
"227","All","All","All","All","All","All","Tested","Math","6th Grade","2014-2015","Not Limited English Proficient",NA,NA,NA,NA,NA,0.22,0.47
"228","All","All","All","All","All","All","Tested","Math","6th Grade","2014-2015","Limited English Proficient",NA,NA,NA,NA,NA,0.14,0.35
"229","All","All","All","All","All","All","Tested","Math","6th Grade","2014-2015","Special Education",NA,NA,NA,NA,NA,0.07,0.18
"230","All","All","All","All","All","All","Tested","Math","7th Grade","2014-2015","Economically Disadvantaged",NA,NA,NA,NA,NA,0.1,0.36
"231","All","All","All","All","All","All","Tested","Math","7th Grade","2014-2015","Black/African American",NA,NA,NA,NA,NA,0.11,0.38
"232","All","All","All","All","All","All","Tested","Math","7th Grade","2014-2015","Multiracial",NA,NA,NA,NA,NA,0.52,0.73
"233","All","All","All","All","All","All","Tested","Math","7th Grade","2014-2015","Male",NA,NA,NA,NA,NA,0.15,0.4
"234","All","All","All","All","All","All","Tested","Math","7th Grade","2014-2015","Female",NA,NA,NA,NA,NA,0.15,0.46
"235","All","All","All","All","All","All","Tested","Math","7th Grade","2014-2015","Not Economically Disadvantaged",NA,NA,NA,NA,NA,0.33,0.67
"236","All","All","All","All","All","All","Tested","Math","7th Grade","2014-2015","Asian",NA,NA,NA,NA,NA,0.37,0.73
"237","All","All","All","All","All","All","Tested","Math","7th Grade","2014-2015","White",NA,NA,NA,NA,NA,0.59,0.88
"238","All","All","All","All","All","All","Tested","Math","7th Grade","2014-2015","Limited English Proficient",NA,NA,NA,NA,NA,0.08,0.27
"239","All","All","All","All","All","All","Tested","Math","7th Grade","2014-2015","Hispanic",NA,NA,NA,NA,NA,0.16,0.47
"240","All","All","All","All","All","All","Tested","Math","7th Grade","2014-2015","Not Special Education",NA,NA,NA,NA,NA,0.17,0.49
"241","All","All","All","All","All","All","Tested","Math","7th Grade","2014-2015","Not Limited English Proficient",NA,NA,NA,NA,NA,0.16,0.44
"242","All","All","All","All","All","All","Tested","Math","7th Grade","2014-2015","All",NA,NA,NA,NA,NA,0.15,0.43
"243","All","All","All","All","All","All","Tested","Math","7th Grade","2014-2015","Special Education",NA,NA,NA,NA,NA,0.08,0.18
"244","All","All","All","All","All","All","Tested","Math","8th Grade","2014-2015","Economically Disadvantaged",NA,NA,NA,NA,NA,0.13,0.3
"245","All","All","All","All","All","All","Tested","Math","8th Grade","2014-2015","Limited English Proficient",NA,NA,NA,NA,NA,0.12,0.28
"246","All","All","All","All","All","All","Tested","Math","8th Grade","2014-2015","Not Economically Disadvantaged",NA,NA,NA,NA,NA,0.37,0.59
"247","All","All","All","All","All","All","Tested","Math","8th Grade","2014-2015","Not Special Education",NA,NA,NA,NA,NA,0.21,0.43
"248","All","All","All","All","All","All","Tested","Math","8th Grade","2014-2015","Male",NA,NA,NA,NA,NA,0.15,0.31
"249","All","All","All","All","All","All","Tested","Math","8th Grade","2014-2015","Female",NA,NA,NA,NA,NA,0.21,0.4
"250","All","All","All","All","All","All","Tested","Math","8th Grade","2014-2015","Asian",NA,NA,NA,NA,NA,0.56,0.78
"251","All","All","All","All","All","All","Tested","Math","8th Grade","2014-2015","Not Limited English Proficient",NA,NA,NA,NA,NA,0.18,0.36
"252","All","All","All","All","All","All","Tested","Math","8th Grade","2014-2015","Black/African American",NA,NA,NA,NA,NA,0.16,0.33
"253","All","All","All","All","All","All","Tested","Math","8th Grade","2014-2015","All",NA,NA,NA,NA,NA,0.18,0.36
"254","All","All","All","All","All","All","Tested","Math","8th Grade","2014-2015","Multiracial",NA,NA,NA,NA,NA,0.48,0.6
"255","All","All","All","All","All","All","Tested","Math","8th Grade","2014-2015","White",NA,NA,NA,NA,NA,0.57,0.74
"256","All","All","All","All","All","All","Tested","Math","8th Grade","2014-2015","Hispanic",NA,NA,NA,NA,NA,0.17,0.38
"257","All","All","All","All","All","All","Tested","Math","8th Grade","2014-2015","Special Education",NA,NA,NA,NA,NA,0.07,0.11
"258","All","All","All","All","NCSC","Alternate","Tested","Reading","9th Grade - 12th Grade","2014-2015","All",0.4,0.12,0.4,0.09,NA,0.49,NA
"259","All","All","All","All","NCSC","Alternate","Tested","Reading","All","2014-2015","Male",0.31,0.22,0.27,0.2,NA,0.46,NA
"260","All","All","All","All","NCSC","Alternate","Tested","Reading","All","2014-2015","All",0.34,0.2,0.28,0.18,NA,0.46,NA
"261","All","All","All","All","NCSC","Alternate","Tested","Reading","All","2014-2015","Limited English Proficient",0.43,0.11,0.26,0.2,NA,0.46,NA
"262","All","All","All","All","NCSC","Alternate","Tested","Reading","3rd Grade - 8th Grade","2014-2015","All",0.33,0.21,0.27,0.19,NA,0.46,NA
"263","All","All","All","All","NCSC","Alternate","Tested","Reading","All","2014-2015","Not Limited English Proficient",0.32,0.21,0.28,0.18,NA,0.46,NA
"264","All","All","All","All","NCSC","Alternate","Tested","Reading","All","2014-2015","Hispanic",0.45,0.1,0.25,0.2,NA,0.45,NA
"265","All","All","All","All","NCSC","Alternate","Tested","Reading","All","2014-2015","Economically Disadvantaged",0.31,0.21,0.3,0.19,NA,0.49,NA
"266","All","All","All","All","NCSC","Alternate","Tested","Reading","All","2014-2015","Not Economically Disadvantaged",0.56,0.15,0.17,0.13,NA,0.29,NA
"267","All","All","All","All","NCSC","Alternate","Tested","Reading","All","2014-2015","Black/African American",0.31,0.22,0.27,0.19,NA,0.47,NA
"268","All","All","All","All","NCSC","Alternate","Tested","Reading","All","2014-2015","Female",0.38,0.15,0.3,0.16,NA,0.46,NA
"269","All","All","All","All","NCSC","Alternate","Tested","Reading","All","2014-2015","Special Education",0.34,0.2,0.28,0.18,NA,0.46,NA
"270","All","All","All","All","NCSC","Alternate","Tested","Reading","11th Grade","2014-2015","All",0.4,0.12,0.4,0.09,NA,0.49,NA
"271","All","All","All","All","NCSC","Alternate","Tested","Reading","11th Grade","2014-2015","Economically Disadvantaged",0.35,0.13,0.43,0.1,NA,0.53,NA
"272","All","All","All","All","NCSC","Alternate","Tested","Reading","11th Grade","2014-2015","Black/African American",0.38,0.13,0.38,0.1,NA,0.49,NA
"273","All","All","All","All","NCSC","Alternate","Tested","Reading","11th Grade","2014-2015","Male",0.4,0.1,0.4,0.1,NA,0.5,NA
"274","All","All","All","All","NCSC","Alternate","Tested","Reading","11th Grade","2014-2015","Not Limited English Proficient",0.38,0.13,0.41,0.08,NA,0.49,NA
"275","All","All","All","All","NCSC","Alternate","Tested","Reading","11th Grade","2014-2015","Special Education",0.4,0.12,0.4,0.09,NA,0.49,NA
"276","All","All","All","All","NCSC","Alternate","Tested","Reading","3rd Grade","2014-2015","Not Limited English Proficient",0.42,0.21,0.13,0.24,NA,0.37,NA
"277","All","All","All","All","NCSC","Alternate","Tested","Reading","3rd Grade","2014-2015","Economically Disadvantaged",0.41,0.21,0.15,0.23,NA,0.38,NA
"278","All","All","All","All","NCSC","Alternate","Tested","Reading","3rd Grade","2014-2015","Male",0.36,0.21,0.18,0.24,NA,0.42,NA
"279","All","All","All","All","NCSC","Alternate","Tested","Reading","3rd Grade","2014-2015","Black/African American",0.39,0.22,0.14,0.25,NA,0.39,NA
"280","All","All","All","All","NCSC","Alternate","Tested","Reading","3rd Grade","2014-2015","All",0.43,0.19,0.14,0.24,NA,0.38,NA
"281","All","All","All","All","NCSC","Alternate","Tested","Reading","3rd Grade","2014-2015","Special Education",0.43,0.19,0.14,0.24,NA,0.38,NA
"282","All","All","All","All","NCSC","Alternate","Tested","Reading","4th Grade","2014-2015","All",0.36,0.13,0.46,0.05,NA,0.51,NA
"283","All","All","All","All","NCSC","Alternate","Tested","Reading","4th Grade","2014-2015","Male",0.34,0.11,0.47,0.08,NA,0.55,NA
"284","All","All","All","All","NCSC","Alternate","Tested","Reading","4th Grade","2014-2015","Not Limited English Proficient",0.35,0.16,0.43,0.06,NA,0.49,NA
"285","All","All","All","All","NCSC","Alternate","Tested","Reading","4th Grade","2014-2015","Economically Disadvantaged",0.35,0.15,0.46,0.04,NA,0.5,NA
"286","All","All","All","All","NCSC","Alternate","Tested","Reading","4th Grade","2014-2015","Black/African American",0.33,0.18,0.44,0.04,NA,0.49,NA
"287","All","All","All","All","NCSC","Alternate","Tested","Reading","4th Grade","2014-2015","Special Education",0.36,0.13,0.46,0.05,NA,0.51,NA
"288","All","All","All","All","NCSC","Alternate","Tested","Reading","5th Grade","2014-2015","Male",0.31,0.31,0.28,0.09,NA,0.38,NA
"289","All","All","All","All","NCSC","Alternate","Tested","Reading","5th Grade","2014-2015","Black/African American",0.3,0.28,0.33,0.09,NA,0.41,NA
"290","All","All","All","All","NCSC","Alternate","Tested","Reading","5th Grade","2014-2015","Economically Disadvantaged",0.24,0.31,0.36,0.09,NA,0.44,NA
"291","All","All","All","All","NCSC","Alternate","Tested","Reading","5th Grade","2014-2015","Not Limited English Proficient",0.29,0.27,0.35,0.08,NA,0.44,NA
"292","All","All","All","All","NCSC","Alternate","Tested","Reading","5th Grade","2014-2015","All",0.32,0.26,0.32,0.09,NA,0.42,NA
"293","All","All","All","All","NCSC","Alternate","Tested","Reading","5th Grade","2014-2015","Special Education",0.32,0.26,0.32,0.09,NA,0.42,NA
"294","All","All","All","All","NCSC","Alternate","Tested","Reading","6th Grade","2014-2015","Male",0.28,0.28,0.25,0.19,NA,0.44,NA
"295","All","All","All","All","NCSC","Alternate","Tested","Reading","6th Grade","2014-2015","Black/African American",0.32,0.25,0.25,0.19,NA,0.43,NA
"296","All","All","All","All","NCSC","Alternate","Tested","Reading","6th Grade","2014-2015","All",0.33,0.24,0.25,0.17,NA,0.43,NA
"297","All","All","All","All","NCSC","Alternate","Tested","Reading","6th Grade","2014-2015","Not Limited English Proficient",0.33,0.25,0.25,0.18,NA,0.42,NA
"298","All","All","All","All","NCSC","Alternate","Tested","Reading","6th Grade","2014-2015","Female",0.41,0.19,0.26,0.15,NA,0.41,NA
"299","All","All","All","All","NCSC","Alternate","Tested","Reading","6th Grade","2014-2015","Economically Disadvantaged",0.24,0.24,0.31,0.2,NA,0.51,NA
"300","All","All","All","All","NCSC","Alternate","Tested","Reading","6th Grade","2014-2015","Special Education",0.33,0.24,0.25,0.17,NA,0.43,NA
"301","All","All","All","All","NCSC","Alternate","Tested","Reading","7th Grade","2014-2015","Economically Disadvantaged",0.3,0.16,0.22,0.32,NA,0.54,NA
"302","All","All","All","All","NCSC","Alternate","Tested","Reading","7th Grade","2014-2015","All",0.3,0.18,0.22,0.31,NA,0.53,NA
"303","All","All","All","All","NCSC","Alternate","Tested","Reading","7th Grade","2014-2015","Female",0.36,0.08,0.24,0.32,NA,0.56,NA
"304","All","All","All","All","NCSC","Alternate","Tested","Reading","7th Grade","2014-2015","Not Limited English Proficient",0.27,0.19,0.24,0.31,NA,0.54,NA
"305","All","All","All","All","NCSC","Alternate","Tested","Reading","7th Grade","2014-2015","Black/African American",0.25,0.19,0.24,0.32,NA,0.56,NA
"306","All","All","All","All","NCSC","Alternate","Tested","Reading","7th Grade","2014-2015","Male",0.27,0.22,0.2,0.31,NA,0.51,NA
"307","All","All","All","All","NCSC","Alternate","Tested","Reading","7th Grade","2014-2015","Special Education",0.3,0.18,0.22,0.31,NA,0.53,NA
"308","All","All","All","All","NCSC","Alternate","Tested","Reading","8th Grade","2014-2015","Black/African American",0.26,0.28,0.16,0.3,NA,0.46,NA
"309","All","All","All","All","NCSC","Alternate","Tested","Reading","8th Grade","2014-2015","Economically Disadvantaged",0.27,0.25,0.18,0.29,NA,0.47,NA
"310","All","All","All","All","NCSC","Alternate","Tested","Reading","8th Grade","2014-2015","All",0.28,0.26,0.18,0.28,NA,0.46,NA
"311","All","All","All","All","NCSC","Alternate","Tested","Reading","8th Grade","2014-2015","Male",0.27,0.32,0.12,0.29,NA,0.41,NA
"312","All","All","All","All","NCSC","Alternate","Tested","Reading","8th Grade","2014-2015","Not Limited English Proficient",0.25,0.27,0.18,0.29,NA,0.47,NA
"313","All","All","All","All","NCSC","Alternate","Tested","Reading","8th Grade","2014-2015","Special Education",0.28,0.26,0.18,0.28,NA,0.46,NA
"314","All","All","All","All","NCSC","Alternate","Tested","Math","9th Grade - 12th Grade","2014-2015","All",0.09,0.47,0.23,0.21,NA,0.44,NA
"315","All","All","All","All","NCSC","Alternate","Tested","Math","All","2014-2015","Not Economically Disadvantaged",0.31,0.35,0.17,0.17,NA,0.33,NA
"316","All","All","All","All","NCSC","Alternate","Tested","Math","All","2014-2015","Limited English Proficient",0.2,0.24,0.3,0.26,NA,0.56,NA
"317","All","All","All","All","NCSC","Alternate","Tested","Math","3rd Grade - 8th Grade","2014-2015","All",0.22,0.25,0.27,0.26,NA,0.53,NA
"318","All","All","All","All","NCSC","Alternate","Tested","Math","All","2014-2015","Female",0.24,0.3,0.25,0.21,NA,0.46,NA
"319","All","All","All","All","NCSC","Alternate","Tested","Math","All","2014-2015","Hispanic",0.18,0.27,0.29,0.25,NA,0.55,NA
"320","All","All","All","All","NCSC","Alternate","Tested","Math","All","2014-2015","Economically Disadvantaged",0.19,0.26,0.28,0.27,NA,0.55,NA
"321","All","All","All","All","NCSC","Alternate","Tested","Math","All","2014-2015","Black/African American",0.21,0.26,0.27,0.26,NA,0.53,NA
"322","All","All","All","All","NCSC","Alternate","Tested","Math","All","2014-2015","Not Limited English Proficient",0.21,0.27,0.26,0.25,NA,0.52,NA
"323","All","All","All","All","NCSC","Alternate","Tested","Math","All","2014-2015","All",0.21,0.27,0.27,0.25,NA,0.52,NA
"324","All","All","All","All","NCSC","Alternate","Tested","Math","All","2014-2015","Male",0.19,0.25,0.28,0.28,NA,0.56,NA
"325","All","All","All","All","NCSC","Alternate","Tested","Math","All","2014-2015","Special Education",0.21,0.27,0.27,0.25,NA,0.52,NA
"326","All","All","All","All","NCSC","Alternate","Tested","Math","11th Grade","2014-2015","All",0.09,0.47,0.23,0.21,NA,0.44,NA
"327","All","All","All","All","NCSC","Alternate","Tested","Math","11th Grade","2014-2015","Economically Disadvantaged",0.1,0.43,0.25,0.23,NA,0.48,NA
"328","All","All","All","All","NCSC","Alternate","Tested","Math","11th Grade","2014-2015","Not Limited English Proficient",0.1,0.46,0.26,0.18,NA,0.44,NA
"329","All","All","All","All","NCSC","Alternate","Tested","Math","11th Grade","2014-2015","Black/African American",0.08,0.46,0.26,0.21,NA,0.46,NA
"330","All","All","All","All","NCSC","Alternate","Tested","Math","11th Grade","2014-2015","Male",0.13,0.43,0.2,0.23,NA,0.43,NA
"331","All","All","All","All","NCSC","Alternate","Tested","Math","11th Grade","2014-2015","Special Education",0.09,0.47,0.23,0.21,NA,0.44,NA
"332","All","All","All","All","NCSC","Alternate","Tested","Math","3rd Grade","2014-2015","Male",0.19,0.28,0.22,0.31,NA,0.53,NA
"333","All","All","All","All","NCSC","Alternate","Tested","Math","3rd Grade","2014-2015","Not Limited English Proficient",0.19,0.32,0.19,0.3,NA,0.49,NA
"334","All","All","All","All","NCSC","Alternate","Tested","Math","3rd Grade","2014-2015","All",0.17,0.34,0.2,0.29,NA,0.49,NA
"335","All","All","All","All","NCSC","Alternate","Tested","Math","3rd Grade","2014-2015","Black/African American",0.2,0.29,0.2,0.31,NA,0.51,NA
"336","All","All","All","All","NCSC","Alternate","Tested","Math","3rd Grade","2014-2015","Economically Disadvantaged",0.18,0.32,0.21,0.29,NA,0.5,NA
"337","All","All","All","All","NCSC","Alternate","Tested","Math","3rd Grade","2014-2015","Special Education",0.17,0.34,0.2,0.29,NA,0.49,NA
"338","All","All","All","All","NCSC","Alternate","Tested","Math","4th Grade","2014-2015","Black/African American",0.31,0.2,0.27,0.22,NA,0.49,NA
"339","All","All","All","All","NCSC","Alternate","Tested","Math","4th Grade","2014-2015","Male",0.21,0.16,0.34,0.29,NA,0.63,NA
"340","All","All","All","All","NCSC","Alternate","Tested","Math","4th Grade","2014-2015","Economically Disadvantaged",0.31,0.19,0.27,0.23,NA,0.5,NA
"341","All","All","All","All","NCSC","Alternate","Tested","Math","4th Grade","2014-2015","Not Limited English Proficient",0.29,0.24,0.25,0.22,NA,0.47,NA
"342","All","All","All","All","NCSC","Alternate","Tested","Math","4th Grade","2014-2015","All",0.3,0.21,0.26,0.23,NA,0.49,NA
"343","All","All","All","All","NCSC","Alternate","Tested","Math","4th Grade","2014-2015","Special Education",0.3,0.21,0.26,0.23,NA,0.49,NA
"344","All","All","All","All","NCSC","Alternate","Tested","Math","5th Grade","2014-2015","Male",0.15,0.33,0.42,0.09,NA,0.52,NA
"345","All","All","All","All","NCSC","Alternate","Tested","Math","5th Grade","2014-2015","All",0.13,0.37,0.35,0.15,NA,0.5,NA
"346","All","All","All","All","NCSC","Alternate","Tested","Math","5th Grade","2014-2015","Not Limited English Proficient",0.12,0.37,0.37,0.14,NA,0.51,NA
"347","All","All","All","All","NCSC","Alternate","Tested","Math","5th Grade","2014-2015","Economically Disadvantaged",0.15,0.33,0.37,0.15,NA,0.52,NA
"348","All","All","All","All","NCSC","Alternate","Tested","Math","5th Grade","2014-2015","Black/African American",0.13,0.36,0.36,0.15,NA,0.51,NA
"349","All","All","All","All","NCSC","Alternate","Tested","Math","5th Grade","2014-2015","Special Education",0.13,0.37,0.35,0.15,NA,0.5,NA
"350","All","All","All","All","NCSC","Alternate","Tested","Math","6th Grade","2014-2015","All",0.43,0.11,0.16,0.3,NA,0.46,NA
"351","All","All","All","All","NCSC","Alternate","Tested","Math","6th Grade","2014-2015","Male",0.39,0.08,0.19,0.33,NA,0.53,NA
"352","All","All","All","All","NCSC","Alternate","Tested","Math","6th Grade","2014-2015","Female",0.48,0.15,0.11,0.26,NA,0.37,NA
"353","All","All","All","All","NCSC","Alternate","Tested","Math","6th Grade","2014-2015","Economically Disadvantaged",0.35,0.12,0.18,0.35,NA,0.53,NA
"354","All","All","All","All","NCSC","Alternate","Tested","Math","6th Grade","2014-2015","Not Limited English Proficient",0.44,0.12,0.14,0.3,NA,0.44,NA
"355","All","All","All","All","NCSC","Alternate","Tested","Math","6th Grade","2014-2015","Black/African American",0.45,0.09,0.15,0.3,NA,0.45,NA
"356","All","All","All","All","NCSC","Alternate","Tested","Math","6th Grade","2014-2015","Special Education",0.43,0.11,0.16,0.3,NA,0.46,NA
"357","All","All","All","All","NCSC","Alternate","Tested","Math","7th Grade","2014-2015","Male",0.1,0.24,0.38,0.28,NA,0.66,NA
"358","All","All","All","All","NCSC","Alternate","Tested","Math","7th Grade","2014-2015","Economically Disadvantaged",0.09,0.23,0.4,0.29,NA,0.69,NA
"359","All","All","All","All","NCSC","Alternate","Tested","Math","7th Grade","2014-2015","Female",0.08,0.24,0.44,0.24,NA,0.68,NA
"360","All","All","All","All","NCSC","Alternate","Tested","Math","7th Grade","2014-2015","Black/African American",0.08,0.22,0.43,0.27,NA,0.7,NA
"361","All","All","All","All","NCSC","Alternate","Tested","Math","7th Grade","2014-2015","Not Limited English Proficient",0.08,0.23,0.42,0.27,NA,0.68,NA
"362","All","All","All","All","NCSC","Alternate","Tested","Math","7th Grade","2014-2015","All",0.09,0.24,0.4,0.27,NA,0.67,NA
"363","All","All","All","All","NCSC","Alternate","Tested","Math","7th Grade","2014-2015","Special Education",0.09,0.24,0.4,0.27,NA,0.67,NA
"364","All","All","All","All","NCSC","Alternate","Tested","Math","8th Grade","2014-2015","Not Limited English Proficient",0.2,0.25,0.2,0.35,NA,0.55,NA
"365","All","All","All","All","NCSC","Alternate","Tested","Math","8th Grade","2014-2015","All",0.21,0.25,0.23,0.31,NA,0.54,NA
"366","All","All","All","All","NCSC","Alternate","Tested","Math","8th Grade","2014-2015","Male",0.2,0.27,0.17,0.37,NA,0.54,NA
"367","All","All","All","All","NCSC","Alternate","Tested","Math","8th Grade","2014-2015","Black/African American",0.18,0.26,0.2,0.36,NA,0.56,NA
"368","All","All","All","All","NCSC","Alternate","Tested","Math","8th Grade","2014-2015","Economically Disadvantaged",0.2,0.25,0.24,0.31,NA,0.55,NA
"369","All","All","All","All","NCSC","Alternate","Tested","Math","8th Grade","2014-2015","Special Education",0.21,0.25,0.23,0.31,NA,0.54,NA
"370","All","All","All","All","PARCC","Traditional","Tested","Reading","All","2014-2015","Male",0.34,0.25,0.21,0.17,0.03,0.2,0.41
"371","All","All","All","All","PARCC","Traditional","Tested","Reading","All","2014-2015","Female",0.22,0.24,0.25,0.24,0.05,0.29,0.54
"372","All","All","All","All","PARCC","Traditional","Tested","Reading","All","2014-2015","Asian",0.1,0.12,0.22,0.43,0.12,0.55,0.77
"373","All","All","All","All","PARCC","Traditional","Tested","Reading","All","2014-2015","Multiracial",0.08,0.1,0.18,0.46,0.18,0.64,0.82
"374","All","All","All","All","PARCC","Traditional","Tested","Reading","All","2014-2015","Limited English Proficient",0.39,0.28,0.22,0.1,0.01,0.11,0.34
"375","All","All","All","All","PARCC","Traditional","Tested","Reading","All","2014-2015","Economically Disadvantaged",0.35,0.28,0.23,0.13,0.01,0.14,0.38
"376","All","All","All","All","PARCC","Traditional","Tested","Reading","All","2014-2015","Pacific Islander",0.14,0.29,0.29,0.23,0.06,0.29,0.57
"377","All","All","All","All","PARCC","Traditional","Tested","Reading","3rd Grade - 8th Grade","2014-2015","All",0.27,0.25,0.23,0.21,0.04,0.25,0.48
"378","All","All","All","All","PARCC","Traditional","Tested","Reading","All","2014-2015","Hispanic",0.27,0.24,0.27,0.19,0.03,0.22,0.49
"379","All","All","All","All","PARCC","Traditional","Tested","Reading","All","2014-2015","White",0.03,0.05,0.12,0.52,0.27,0.79,0.92
"380","All","All","All","All","PARCC","Traditional","Tested","Reading","All","2014-2015","Not Economically Disadvantaged",0.09,0.13,0.21,0.42,0.15,0.57,0.78
"381","All","All","All","All","PARCC","Traditional","Tested","Reading","All","2014-2015","Not Special Education",0.21,0.25,0.25,0.24,0.05,0.29,0.54
"382","All","All","All","All","PARCC","Traditional","Tested","Reading","9th Grade - 12th Grade","2014-2015","All",0.38,0.2,0.17,0.18,0.07,0.25,0.42
"383","All","All","All","All","PARCC","Traditional","Tested","Reading","All","2014-2015","American Indian",0.05,0.31,0.38,0.26,0,0.26,0.64
"384","All","All","All","All","PARCC","Traditional","Tested","Reading","All","2014-2015","All",0.28,0.24,0.23,0.21,0.04,0.25,0.48
"385","All","All","All","All","PARCC","Traditional","Tested","Reading","All","2014-2015","Not Limited English Proficient",0.27,0.24,0.23,0.22,0.05,0.26,0.49
"386","All","All","All","All","PARCC","Traditional","Tested","Reading","All","2014-2015","Black/African American",0.33,0.27,0.23,0.16,0.01,0.17,0.4
"387","All","All","All","All","PARCC","Traditional","Tested","Reading","All","2014-2015","Special Education",0.65,0.22,0.09,0.04,0,0.04,0.13
"388","All","All","All","All","PARCC","Traditional","Tested","Reading","All","2014-2015","Subclaim 5",0.31,0.21,0.48,NA,NA,0.52,NA
"389","All","All","All","All","PARCC","Traditional","Tested","Reading","All","2014-2015","Subclaim 4",0.27,0.18,0.55,NA,NA,0.45,NA
"390","All","All","All","All","PARCC","Traditional","Tested","Reading","All","2014-2015","Subclaim 2",0.28,0.22,0.49,NA,NA,0.51,NA
"391","All","All","All","All","PARCC","Traditional","Tested","Reading","All","2014-2015","Subclaim 3",0.31,0.21,0.48,NA,NA,0.52,NA
"392","All","All","All","All","PARCC","Traditional","Tested","Reading","All","2014-2015","Subclaim 1",0.3,0.22,0.48,NA,NA,0.52,NA
"393","All","All","All","All","PARCC","Traditional","Tested","Reading","English II","2014-2015","Economically Disadvantaged",0.44,0.22,0.17,0.15,0.02,0.16,0.34
"394","All","All","All","All","PARCC","Traditional","Tested","Reading","English II","2014-2015","White",0.08,0.03,0.08,0.29,0.53,0.82,0.89
"395","All","All","All","All","PARCC","Traditional","Tested","Reading","English II","2014-2015","Female",0.29,0.22,0.19,0.23,0.08,0.31,0.5
"396","All","All","All","All","PARCC","Traditional","Tested","Reading","English II","2014-2015","All",0.38,0.2,0.17,0.18,0.07,0.25,0.42
"397","All","All","All","All","PARCC","Traditional","Tested","Reading","English II","2014-2015","Multiracial",0.08,0.03,0.06,0.42,0.42,0.83,0.89
"398","All","All","All","All","PARCC","Traditional","Tested","Reading","English II","2014-2015","Black/African American",0.41,0.21,0.18,0.17,0.03,0.2,0.38
"399","All","All","All","All","PARCC","Traditional","Tested","Reading","English II","2014-2015","Not Limited English Proficient",0.36,0.2,0.17,0.19,0.07,0.27,0.44
"400","All","All","All","All","PARCC","Traditional","Tested","Reading","English II","2014-2015","Not Special Education",0.3,0.21,0.19,0.21,0.08,0.29,0.49
"401","All","All","All","All","PARCC","Traditional","Tested","Reading","English II","2014-2015","Hispanic",0.35,0.21,0.19,0.19,0.06,0.26,0.44
"402","All","All","All","All","PARCC","Traditional","Tested","Reading","English II","2014-2015","Male",0.47,0.18,0.16,0.14,0.06,0.19,0.35
"403","All","All","All","All","PARCC","Traditional","Tested","Reading","English II","2014-2015","Asian",0.13,0.21,0.19,0.27,0.21,0.48,0.67
"404","All","All","All","All","PARCC","Traditional","Tested","Reading","English II","2014-2015","Limited English Proficient",0.55,0.23,0.18,0.04,0.01,0.05,0.23
"405","All","All","All","All","PARCC","Traditional","Tested","Reading","English II","2014-2015","Not Economically Disadvantaged",0.13,0.14,0.18,0.31,0.24,0.55,0.73
"406","All","All","All","All","PARCC","Traditional","Tested","Reading","English II","2014-2015","Special Education",0.75,0.14,0.08,0.03,0.01,0.04,0.11
"407","All","All","All","All","PARCC","Traditional","Tested","Reading","English II","2014-2015","Subclaim 3",0.32,0.17,0.51,NA,NA,0.49,NA
"408","All","All","All","All","PARCC","Traditional","Tested","Reading","English II","2014-2015","Subclaim 2",0.28,0.18,0.54,NA,NA,0.46,NA
"409","All","All","All","All","PARCC","Traditional","Tested","Reading","English II","2014-2015","Subclaim 5",0.26,0.18,0.55,NA,NA,0.45,NA
"410","All","All","All","All","PARCC","Traditional","Tested","Reading","English II","2014-2015","Subclaim 1",0.3,0.18,0.52,NA,NA,0.48,NA
"411","All","All","All","All","PARCC","Traditional","Tested","Reading","English II","2014-2015","Subclaim 4",0.27,0.14,0.59,NA,NA,0.41,NA
"412","All","All","All","All","PARCC","Traditional","Tested","Reading","3rd Grade","2014-2015","White",0.04,0.07,0.18,0.63,0.08,0.71,0.89
"413","All","All","All","All","PARCC","Traditional","Tested","Reading","3rd Grade","2014-2015","Black/African American",0.39,0.24,0.19,0.17,0.01,0.17,0.37
"414","All","All","All","All","PARCC","Traditional","Tested","Reading","3rd Grade","2014-2015","Not Economically Disadvantaged",0.09,0.11,0.23,0.52,0.06,0.57,0.8
"415","All","All","All","All","PARCC","Traditional","Tested","Reading","3rd Grade","2014-2015","Female",0.3,0.22,0.21,0.25,0.02,0.27,0.48
"416","All","All","All","All","PARCC","Traditional","Tested","Reading","3rd Grade","2014-2015","Multiracial",0.1,0.1,0.16,0.53,0.1,0.63,0.79
"417","All","All","All","All","PARCC","Traditional","Tested","Reading","3rd Grade","2014-2015","Economically Disadvantaged",0.41,0.25,0.19,0.14,0.01,0.15,0.34
"418","All","All","All","All","PARCC","Traditional","Tested","Reading","3rd Grade","2014-2015","Asian",0.19,0.12,0.24,0.38,0.06,0.45,0.69
"419","All","All","All","All","PARCC","Traditional","Tested","Reading","3rd Grade","2014-2015","All",0.34,0.22,0.2,0.23,0.02,0.24,0.44
"420","All","All","All","All","PARCC","Traditional","Tested","Reading","3rd Grade","2014-2015","Not Special Education",0.28,0.23,0.21,0.26,0.02,0.28,0.49
"421","All","All","All","All","PARCC","Traditional","Tested","Reading","3rd Grade","2014-2015","Limited English Proficient",0.4,0.24,0.21,0.14,0,0.15,0.35
"422","All","All","All","All","PARCC","Traditional","Tested","Reading","3rd Grade","2014-2015","Not Limited English Proficient",0.33,0.21,0.2,0.24,0.02,0.26,0.46
"423","All","All","All","All","PARCC","Traditional","Tested","Reading","3rd Grade","2014-2015","Male",0.38,0.21,0.19,0.21,0.01,0.22,0.41
"424","All","All","All","All","PARCC","Traditional","Tested","Reading","3rd Grade","2014-2015","Hispanic",0.36,0.25,0.23,0.16,0.01,0.17,0.4
"425","All","All","All","All","PARCC","Traditional","Tested","Reading","3rd Grade","2014-2015","Special Education",0.71,0.15,0.09,0.04,0,0.04,0.14
"426","All","All","All","All","PARCC","Traditional","Tested","Reading","3rd Grade","2014-2015","Subclaim 5",0.35,0.19,0.45,NA,NA,0.55,NA
"427","All","All","All","All","PARCC","Traditional","Tested","Reading","3rd Grade","2014-2015","Subclaim 4",0.27,0.14,0.59,NA,NA,0.41,NA
"428","All","All","All","All","PARCC","Traditional","Tested","Reading","3rd Grade","2014-2015","Subclaim 1",0.28,0.19,0.52,NA,NA,0.48,NA
"429","All","All","All","All","PARCC","Traditional","Tested","Reading","3rd Grade","2014-2015","Subclaim 3",0.32,0.19,0.49,NA,NA,0.51,NA
"430","All","All","All","All","PARCC","Traditional","Tested","Reading","3rd Grade","2014-2015","Subclaim 2",0.29,0.23,0.48,NA,NA,0.52,NA
"431","All","All","All","All","PARCC","Traditional","Tested","Reading","4th Grade","2014-2015","Limited English Proficient",0.27,0.3,0.29,0.13,0.01,0.14,0.43
"432","All","All","All","All","PARCC","Traditional","Tested","Reading","4th Grade","2014-2015","Economically Disadvantaged",0.28,0.31,0.28,0.13,0.01,0.14,0.41
"433","All","All","All","All","PARCC","Traditional","Tested","Reading","4th Grade","2014-2015","All",0.23,0.26,0.26,0.21,0.04,0.25,0.51
"434","All","All","All","All","PARCC","Traditional","Tested","Reading","4th Grade","2014-2015","White",0.03,0.04,0.14,0.55,0.24,0.79,0.93
"435","All","All","All","All","PARCC","Traditional","Tested","Reading","4th Grade","2014-2015","Not Limited English Proficient",0.22,0.25,0.25,0.22,0.05,0.27,0.52
"436","All","All","All","All","PARCC","Traditional","Tested","Reading","4th Grade","2014-2015","Multiracial",0.09,0.15,0.14,0.45,0.16,0.61,0.75
"437","All","All","All","All","PARCC","Traditional","Tested","Reading","4th Grade","2014-2015","Hispanic",0.2,0.26,0.3,0.2,0.02,0.23,0.53
"438","All","All","All","All","PARCC","Traditional","Tested","Reading","4th Grade","2014-2015","Not Special Education",0.17,0.26,0.28,0.24,0.05,0.29,0.57
"439","All","All","All","All","PARCC","Traditional","Tested","Reading","4th Grade","2014-2015","Asian",0.08,0.13,0.15,0.51,0.13,0.64,0.79
"440","All","All","All","All","PARCC","Traditional","Tested","Reading","4th Grade","2014-2015","Not Economically Disadvantaged",0.05,0.11,0.21,0.47,0.16,0.63,0.83
"441","All","All","All","All","PARCC","Traditional","Tested","Reading","4th Grade","2014-2015","Male",0.27,0.27,0.24,0.19,0.03,0.22,0.46
"442","All","All","All","All","PARCC","Traditional","Tested","Reading","4th Grade","2014-2015","Black/African American",0.27,0.3,0.27,0.14,0.01,0.16,0.43
"443","All","All","All","All","PARCC","Traditional","Tested","Reading","4th Grade","2014-2015","Female",0.19,0.24,0.28,0.24,0.06,0.29,0.57
"444","All","All","All","All","PARCC","Traditional","Tested","Reading","4th Grade","2014-2015","Special Education",0.58,0.28,0.09,0.04,0,0.05,0.14
"445","All","All","All","All","PARCC","Traditional","Tested","Reading","4th Grade","2014-2015","Subclaim 4",0.28,0.18,0.55,NA,NA,0.45,NA
"446","All","All","All","All","PARCC","Traditional","Tested","Reading","4th Grade","2014-2015","Subclaim 2",0.29,0.24,0.47,NA,NA,0.53,NA
"447","All","All","All","All","PARCC","Traditional","Tested","Reading","4th Grade","2014-2015","Subclaim 5",0.31,0.21,0.48,NA,NA,0.52,NA
"448","All","All","All","All","PARCC","Traditional","Tested","Reading","4th Grade","2014-2015","Subclaim 1",0.31,0.24,0.45,NA,NA,0.55,NA
"449","All","All","All","All","PARCC","Traditional","Tested","Reading","4th Grade","2014-2015","Subclaim 3",0.31,0.23,0.46,NA,NA,0.54,NA
"450","All","All","All","All","PARCC","Traditional","Tested","Reading","5th Grade","2014-2015","Female",0.17,0.27,0.26,0.27,0.03,0.31,0.56
"451","All","All","All","All","PARCC","Traditional","Tested","Reading","5th Grade","2014-2015","Not Economically Disadvantaged",0.07,0.13,0.21,0.51,0.08,0.6,0.81
"452","All","All","All","All","PARCC","Traditional","Tested","Reading","5th Grade","2014-2015","Not Limited English Proficient",0.21,0.26,0.25,0.25,0.03,0.28,0.53
"453","All","All","All","All","PARCC","Traditional","Tested","Reading","5th Grade","2014-2015","Hispanic",0.22,0.27,0.29,0.21,0.02,0.23,0.51
"454","All","All","All","All","PARCC","Traditional","Tested","Reading","5th Grade","2014-2015","Black/African American",0.26,0.31,0.26,0.17,0,0.17,0.43
"455","All","All","All","All","PARCC","Traditional","Tested","Reading","5th Grade","2014-2015","Asian",0.02,0.1,0.22,0.6,0.06,0.67,0.89
"456","All","All","All","All","PARCC","Traditional","Tested","Reading","5th Grade","2014-2015","Limited English Proficient",0.31,0.35,0.25,0.09,0,0.09,0.35
"457","All","All","All","All","PARCC","Traditional","Tested","Reading","5th Grade","2014-2015","White",0.03,0.06,0.11,0.64,0.16,0.8,0.91
"458","All","All","All","All","PARCC","Traditional","Tested","Reading","5th Grade","2014-2015","Not Special Education",0.15,0.27,0.28,0.27,0.03,0.3,0.58
"459","All","All","All","All","PARCC","Traditional","Tested","Reading","5th Grade","2014-2015","Multiracial",0.03,0.09,0.24,0.55,0.08,0.63,0.88
"460","All","All","All","All","PARCC","Traditional","Tested","Reading","5th Grade","2014-2015","Male",0.27,0.27,0.24,0.2,0.02,0.21,0.45
"461","All","All","All","All","PARCC","Traditional","Tested","Reading","5th Grade","2014-2015","All",0.22,0.27,0.25,0.23,0.02,0.26,0.51
"462","All","All","All","All","PARCC","Traditional","Tested","Reading","5th Grade","2014-2015","Economically Disadvantaged",0.27,0.32,0.26,0.14,0,0.14,0.41
"463","All","All","All","All","PARCC","Traditional","Tested","Reading","5th Grade","2014-2015","Special Education",0.58,0.27,0.11,0.04,0,0.04,0.15
"464","All","All","All","All","PARCC","Traditional","Tested","Reading","5th Grade","2014-2015","Subclaim 3",0.32,0.22,0.45,NA,NA,0.55,NA
"465","All","All","All","All","PARCC","Traditional","Tested","Reading","5th Grade","2014-2015","Subclaim 4",0.28,0.15,0.57,NA,NA,0.43,NA
"466","All","All","All","All","PARCC","Traditional","Tested","Reading","5th Grade","2014-2015","Subclaim 5",0.36,0.17,0.47,NA,NA,0.53,NA
"467","All","All","All","All","PARCC","Traditional","Tested","Reading","5th Grade","2014-2015","Subclaim 2",0.29,0.22,0.48,NA,NA,0.52,NA
"468","All","All","All","All","PARCC","Traditional","Tested","Reading","5th Grade","2014-2015","Subclaim 1",0.31,0.26,0.43,NA,NA,0.57,NA
"469","All","All","All","All","PARCC","Traditional","Tested","Reading","6th Grade","2014-2015","Not Limited English Proficient",0.22,0.27,0.27,0.2,0.04,0.24,0.51
"470","All","All","All","All","PARCC","Traditional","Tested","Reading","6th Grade","2014-2015","Black/African American",0.28,0.3,0.27,0.14,0.01,0.15,0.42
"471","All","All","All","All","PARCC","Traditional","Tested","Reading","6th Grade","2014-2015","White",0.02,0.06,0.13,0.54,0.25,0.79,0.92
"472","All","All","All","All","PARCC","Traditional","Tested","Reading","6th Grade","2014-2015","Economically Disadvantaged",0.3,0.31,0.27,0.12,0.01,0.12,0.39
"473","All","All","All","All","PARCC","Traditional","Tested","Reading","6th Grade","2014-2015","Not Economically Disadvantaged",0.08,0.18,0.24,0.38,0.11,0.5,0.74
"474","All","All","All","All","PARCC","Traditional","Tested","Reading","6th Grade","2014-2015","Asian",0.12,0.1,0.31,0.41,0.06,0.47,0.78
"475","All","All","All","All","PARCC","Traditional","Tested","Reading","6th Grade","2014-2015","All",0.24,0.27,0.26,0.19,0.04,0.23,0.49
"476","All","All","All","All","PARCC","Traditional","Tested","Reading","6th Grade","2014-2015","Hispanic",0.22,0.27,0.31,0.18,0.02,0.2,0.51
"477","All","All","All","All","PARCC","Traditional","Tested","Reading","6th Grade","2014-2015","Limited English Proficient",0.4,0.32,0.19,0.09,0,0.09,0.28
"478","All","All","All","All","PARCC","Traditional","Tested","Reading","6th Grade","2014-2015","Male",0.3,0.29,0.23,0.16,0.02,0.18,0.41
"479","All","All","All","All","PARCC","Traditional","Tested","Reading","6th Grade","2014-2015","Not Special Education",0.16,0.27,0.3,0.23,0.04,0.27,0.56
"480","All","All","All","All","PARCC","Traditional","Tested","Reading","6th Grade","2014-2015","Female",0.17,0.25,0.3,0.23,0.05,0.27,0.57
"481","All","All","All","All","PARCC","Traditional","Tested","Reading","6th Grade","2014-2015","Multiracial",0.03,0.11,0.25,0.47,0.15,0.62,0.86
"482","All","All","All","All","PARCC","Traditional","Tested","Reading","6th Grade","2014-2015","Special Education",0.61,0.26,0.1,0.03,0,0.03,0.12
"483","All","All","All","All","PARCC","Traditional","Tested","Reading","6th Grade","2014-2015","Subclaim 2",0.25,0.26,0.49,NA,NA,0.51,NA
"484","All","All","All","All","PARCC","Traditional","Tested","Reading","6th Grade","2014-2015","Subclaim 5",0.28,0.28,0.44,NA,NA,0.56,NA
"485","All","All","All","All","PARCC","Traditional","Tested","Reading","6th Grade","2014-2015","Subclaim 3",0.29,0.23,0.48,NA,NA,0.52,NA
"486","All","All","All","All","PARCC","Traditional","Tested","Reading","6th Grade","2014-2015","Subclaim 1",0.28,0.25,0.46,NA,NA,0.54,NA
"487","All","All","All","All","PARCC","Traditional","Tested","Reading","6th Grade","2014-2015","Subclaim 4",0.24,0.25,0.51,NA,NA,0.49,NA
"488","All","All","All","All","PARCC","Traditional","Tested","Reading","7th Grade","2014-2015","Economically Disadvantaged",0.35,0.28,0.23,0.12,0.02,0.14,0.37
"489","All","All","All","All","PARCC","Traditional","Tested","Reading","7th Grade","2014-2015","Not Special Education",0.21,0.25,0.26,0.2,0.09,0.29,0.54
"490","All","All","All","All","PARCC","Traditional","Tested","Reading","7th Grade","2014-2015","Black/African American",0.34,0.27,0.23,0.14,0.02,0.16,0.39
"491","All","All","All","All","PARCC","Traditional","Tested","Reading","7th Grade","2014-2015","Multiracial",0.08,0.1,0.17,0.33,0.32,0.65,0.82
"492","All","All","All","All","PARCC","Traditional","Tested","Reading","7th Grade","2014-2015","Asian",0.11,0.13,0.19,0.42,0.16,0.58,0.77
"493","All","All","All","All","PARCC","Traditional","Tested","Reading","7th Grade","2014-2015","Limited English Proficient",0.5,0.26,0.18,0.05,0.02,0.06,0.24
"494","All","All","All","All","PARCC","Traditional","Tested","Reading","7th Grade","2014-2015","Hispanic",0.26,0.22,0.31,0.17,0.05,0.22,0.53
"495","All","All","All","All","PARCC","Traditional","Tested","Reading","7th Grade","2014-2015","Not Limited English Proficient",0.28,0.24,0.23,0.18,0.08,0.26,0.49
"496","All","All","All","All","PARCC","Traditional","Tested","Reading","7th Grade","2014-2015","All",0.29,0.24,0.23,0.17,0.07,0.24,0.47
"497","All","All","All","All","PARCC","Traditional","Tested","Reading","7th Grade","2014-2015","Male",0.37,0.23,0.2,0.15,0.05,0.2,0.4
"498","All","All","All","All","PARCC","Traditional","Tested","Reading","7th Grade","2014-2015","White",0.03,0.04,0.1,0.34,0.5,0.84,0.93
"499","All","All","All","All","PARCC","Traditional","Tested","Reading","7th Grade","2014-2015","Female",0.21,0.25,0.25,0.2,0.09,0.29,0.54
"500","All","All","All","All","PARCC","Traditional","Tested","Reading","7th Grade","2014-2015","Not Economically Disadvantaged",0.11,0.13,0.2,0.32,0.24,0.56,0.76
"501","All","All","All","All","PARCC","Traditional","Tested","Reading","7th Grade","2014-2015","Special Education",0.66,0.21,0.09,0.04,0.01,0.04,0.13
"502","All","All","All","All","PARCC","Traditional","Tested","Reading","7th Grade","2014-2015","Subclaim 3",0.31,0.2,0.49,NA,NA,0.51,NA
"503","All","All","All","All","PARCC","Traditional","Tested","Reading","7th Grade","2014-2015","Subclaim 4",0.26,0.23,0.5,NA,NA,0.5,NA
"504","All","All","All","All","PARCC","Traditional","Tested","Reading","7th Grade","2014-2015","Subclaim 5",0.29,0.22,0.48,NA,NA,0.52,NA
"505","All","All","All","All","PARCC","Traditional","Tested","Reading","7th Grade","2014-2015","Subclaim 2",0.29,0.22,0.49,NA,NA,0.51,NA
"506","All","All","All","All","PARCC","Traditional","Tested","Reading","7th Grade","2014-2015","Subclaim 1",0.29,0.22,0.49,NA,NA,0.51,NA
"507","All","All","All","All","PARCC","Traditional","Tested","Reading","8th Grade","2014-2015","Black/African American",0.34,0.26,0.22,0.17,0.01,0.18,0.41
"508","All","All","All","All","PARCC","Traditional","Tested","Reading","8th Grade","2014-2015","White",0.02,0.03,0.09,0.43,0.43,0.86,0.94
"509","All","All","All","All","PARCC","Traditional","Tested","Reading","8th Grade","2014-2015","Not Limited English Proficient",0.28,0.23,0.22,0.21,0.05,0.27,0.49
"510","All","All","All","All","PARCC","Traditional","Tested","Reading","8th Grade","2014-2015","Asian",0.07,0.11,0.25,0.4,0.18,0.58,0.82
"511","All","All","All","All","PARCC","Traditional","Tested","Reading","8th Grade","2014-2015","Multiracial",0.11,0.08,0.21,0.34,0.26,0.6,0.81
"512","All","All","All","All","PARCC","Traditional","Tested","Reading","8th Grade","2014-2015","Hispanic",0.26,0.21,0.27,0.23,0.03,0.26,0.53
"513","All","All","All","All","PARCC","Traditional","Tested","Reading","8th Grade","2014-2015","Economically Disadvantaged",0.36,0.26,0.22,0.15,0.01,0.15,0.38
"514","All","All","All","All","PARCC","Traditional","Tested","Reading","8th Grade","2014-2015","Male",0.37,0.24,0.19,0.15,0.04,0.19,0.38
"515","All","All","All","All","PARCC","Traditional","Tested","Reading","8th Grade","2014-2015","Limited English Proficient",0.46,0.22,0.21,0.1,0.01,0.11,0.32
"516","All","All","All","All","PARCC","Traditional","Tested","Reading","8th Grade","2014-2015","Female",0.22,0.21,0.25,0.26,0.06,0.32,0.57
"517","All","All","All","All","PARCC","Traditional","Tested","Reading","8th Grade","2014-2015","Not Economically Disadvantaged",0.09,0.13,0.21,0.39,0.18,0.57,0.78
"518","All","All","All","All","PARCC","Traditional","Tested","Reading","8th Grade","2014-2015","All",0.3,0.23,0.22,0.2,0.05,0.25,0.47
"519","All","All","All","All","PARCC","Traditional","Tested","Reading","8th Grade","2014-2015","Not Special Education",0.21,0.23,0.25,0.24,0.06,0.3,0.55
"520","All","All","All","All","PARCC","Traditional","Tested","Reading","8th Grade","2014-2015","Special Education",0.67,0.21,0.07,0.05,0,0.05,0.12
"521","All","All","All","All","PARCC","Traditional","Tested","Reading","8th Grade","2014-2015","Subclaim 5",0.29,0.22,0.49,NA,NA,0.51,NA
"522","All","All","All","All","PARCC","Traditional","Tested","Reading","8th Grade","2014-2015","Subclaim 4",0.28,0.17,0.55,NA,NA,0.45,NA
"523","All","All","All","All","PARCC","Traditional","Tested","Reading","8th Grade","2014-2015","Subclaim 3",0.33,0.19,0.48,NA,NA,0.52,NA
"524","All","All","All","All","PARCC","Traditional","Tested","Reading","8th Grade","2014-2015","Subclaim 2",0.29,0.21,0.5,NA,NA,0.5,NA
"525","All","All","All","All","PARCC","Traditional","Tested","Reading","8th Grade","2014-2015","Subclaim 1",0.31,0.21,0.48,NA,NA,0.52,NA
"526","All","All","All","All","PARCC","Traditional","Tested","Math","Algebra I","2014-2015","Male",0.12,0.3,0.31,0.26,0.01,0.27,0.57
"527","All","All","All","All","PARCC","Traditional","Tested","Math","Algebra I","2014-2015","Black/African American",0.13,0.37,0.33,0.16,0,0.16,0.49
"528","All","All","All","All","PARCC","Traditional","Tested","Math","Algebra I","2014-2015","Not Special Education",0.1,0.28,0.32,0.29,0.01,0.3,0.62
"529","All","All","All","All","PARCC","Traditional","Tested","Math","Algebra I","2014-2015","Not Limited English Proficient",0.1,0.28,0.32,0.29,0.01,0.3,0.62
"530","All","All","All","All","PARCC","Traditional","Tested","Math","Algebra I","2014-2015","Not Economically Disadvantaged",0.04,0.15,0.34,0.46,0.02,0.47,0.81
"531","All","All","All","All","PARCC","Traditional","Tested","Math","Algebra I","2014-2015","Hispanic",0.2,0.36,0.26,0.18,0,0.18,0.44
"532","All","All","All","All","PARCC","Traditional","Tested","Math","Algebra I","2014-2015","Limited English Proficient",0.32,0.44,0.13,0.11,0,0.11,0.24
"533","All","All","All","All","PARCC","Traditional","Tested","Math","Algebra I","2014-2015","White",0.01,0.05,0.29,0.62,0.03,0.65,0.94
"534","All","All","All","All","PARCC","Traditional","Tested","Math","Algebra I","2014-2015","Economically Disadvantaged",0.18,0.4,0.29,0.13,0,0.14,0.42
"535","All","All","All","All","PARCC","Traditional","Tested","Math","Algebra I","2014-2015","Female",0.11,0.27,0.31,0.3,0.01,0.3,0.62
"536","All","All","All","All","PARCC","Traditional","Tested","Math","Algebra I","2014-2015","Asian",0,0.18,0.42,0.39,0,0.39,0.82
"537","All","All","All","All","PARCC","Traditional","Tested","Math","Algebra I","2014-2015","All",0.12,0.29,0.31,0.28,0.01,0.29,0.6
"538","All","All","All","All","PARCC","Traditional","Tested","Math","Algebra I","2014-2015","Special Education",0.35,0.4,0.18,0.07,0,0.07,0.25
"539","All","All","All","All","PARCC","Traditional","Tested","Math","Algebra I","2014-2015","Subclaim 2",0.33,0.23,0.44,NA,NA,0.56,NA
"540","All","All","All","All","PARCC","Traditional","Tested","Math","Algebra I","2014-2015","Subclaim 1",0.34,0.27,0.39,NA,NA,0.61,NA
"541","All","All","All","All","PARCC","Traditional","Tested","Math","Algebra I","2014-2015","Subclaim 3",0.3,0.3,0.4,NA,NA,0.6,NA
"542","All","All","All","All","PARCC","Traditional","Tested","Math","Algebra I","2014-2015","Subclaim 4",0.33,0.3,0.38,NA,NA,0.62,NA
"543","All","All","All","All","PARCC","Traditional","Tested","Math","All","2014-2015","American Indian",0.1,0.33,0.38,0.18,0,0.18,0.56
"544","All","All","All","All","PARCC","Traditional","Tested","Math","All","2014-2015","Economically Disadvantaged",0.25,0.36,0.25,0.13,0.01,0.14,0.39
"545","All","All","All","All","PARCC","Traditional","Tested","Math","All","2014-2015","Pacific Islander",0.15,0.15,0.39,0.24,0.06,0.3,0.7
"546","All","All","All","All","PARCC","Traditional","Tested","Math","All","2014-2015","All",0.21,0.32,0.26,0.2,0.02,0.22,0.48
"547","All","All","All","All","PARCC","Traditional","Tested","Math","All","2014-2015","Black/African American",0.24,0.35,0.25,0.14,0.01,0.15,0.4
"548","All","All","All","All","PARCC","Traditional","Tested","Math","All","2014-2015","Hispanic",0.17,0.33,0.3,0.18,0.02,0.2,0.5
"549","All","All","All","All","PARCC","Traditional","Tested","Math","All","2014-2015","Limited English Proficient",0.23,0.35,0.26,0.14,0.01,0.16,0.42
"550","All","All","All","All","PARCC","Traditional","Tested","Math","All","2014-2015","Multiracial",0.06,0.13,0.26,0.44,0.11,0.55,0.81
"551","All","All","All","All","PARCC","Traditional","Tested","Math","3rd Grade - 8th Grade","2014-2015","All",0.21,0.3,0.26,0.21,0.03,0.23,0.49
"552","All","All","All","All","PARCC","Traditional","Tested","Math","All","2014-2015","Female",0.18,0.32,0.27,0.21,0.02,0.23,0.5
"553","All","All","All","All","PARCC","Traditional","Tested","Math","All","2014-2015","White",0.02,0.08,0.21,0.55,0.14,0.68,0.9
"554","All","All","All","All","PARCC","Traditional","Tested","Math","All","2014-2015","Not Special Education",0.16,0.3,0.28,0.23,0.03,0.26,0.54
"555","All","All","All","All","PARCC","Traditional","Tested","Math","All","2014-2015","Not Economically Disadvantaged",0.07,0.18,0.28,0.4,0.08,0.47,0.75
"556","All","All","All","All","PARCC","Traditional","Tested","Math","All","2014-2015","Male",0.23,0.31,0.24,0.19,0.03,0.21,0.45
"557","All","All","All","All","PARCC","Traditional","Tested","Math","9th Grade - 12th Grade","2014-2015","All",0.19,0.42,0.25,0.13,0.01,0.14,0.39
"558","All","All","All","All","PARCC","Traditional","Tested","Math","All","2014-2015","Not Limited English Proficient",0.21,0.31,0.26,0.2,0.03,0.23,0.48
"559","All","All","All","All","PARCC","Traditional","Tested","Math","All","2014-2015","Asian",0.04,0.13,0.26,0.46,0.12,0.58,0.83
"560","All","All","All","All","PARCC","Traditional","Tested","Math","All","2014-2015","Special Education",0.48,0.37,0.11,0.04,0,0.04,0.15
"561","All","All","All","All","PARCC","Traditional","Tested","Math","All","2014-2015","Subclaim 1",0.24,0.26,0.5,NA,NA,0.5,NA
"562","All","All","All","All","PARCC","Traditional","Tested","Math","All","2014-2015","Subclaim 4",0.3,0.25,0.46,NA,NA,0.54,NA
"563","All","All","All","All","PARCC","Traditional","Tested","Math","All","2014-2015","Subclaim 3",0.23,0.23,0.54,NA,NA,0.46,NA
"564","All","All","All","All","PARCC","Traditional","Tested","Math","All","2014-2015","Subclaim 2",0.28,0.24,0.48,NA,NA,0.52,NA
"565","All","All","All","All","PARCC","Traditional","Tested","Math","Geometry","2014-2015","Limited English Proficient",0.29,0.53,0.13,0.04,0,0.04,0.18
"566","All","All","All","All","PARCC","Traditional","Tested","Math","Geometry","2014-2015","Multiracial",0.03,0.15,0.4,0.4,0.03,0.43,0.83
"567","All","All","All","All","PARCC","Traditional","Tested","Math","Geometry","2014-2015","All",0.21,0.45,0.24,0.09,0.01,0.1,0.33
"568","All","All","All","All","PARCC","Traditional","Tested","Math","Geometry","2014-2015","Economically Disadvantaged",0.25,0.51,0.2,0.04,0,0.04,0.24
"569","All","All","All","All","PARCC","Traditional","Tested","Math","Geometry","2014-2015","Female",0.18,0.46,0.26,0.1,0.01,0.1,0.36
"570","All","All","All","All","PARCC","Traditional","Tested","Math","Geometry","2014-2015","Not Economically Disadvantaged",0.08,0.28,0.36,0.26,0.02,0.28,0.64
"571","All","All","All","All","PARCC","Traditional","Tested","Math","Geometry","2014-2015","Hispanic",0.2,0.45,0.26,0.09,0,0.09,0.35
"572","All","All","All","All","PARCC","Traditional","Tested","Math","Geometry","2014-2015","Black/African American",0.24,0.5,0.22,0.04,0,0.04,0.26
"573","All","All","All","All","PARCC","Traditional","Tested","Math","Geometry","2014-2015","Male",0.24,0.45,0.21,0.09,0.01,0.09,0.31
"574","All","All","All","All","PARCC","Traditional","Tested","Math","Geometry","2014-2015","Not Limited English Proficient",0.21,0.45,0.24,0.1,0.01,0.1,0.35
"575","All","All","All","All","PARCC","Traditional","Tested","Math","Geometry","2014-2015","White",0.05,0.12,0.32,0.46,0.04,0.51,0.83
"576","All","All","All","All","PARCC","Traditional","Tested","Math","Geometry","2014-2015","Asian",0.03,0.24,0.24,0.41,0.07,0.48,0.72
"577","All","All","All","All","PARCC","Traditional","Tested","Math","Geometry","2014-2015","Not Special Education",0.18,0.44,0.27,0.11,0.01,0.11,0.38
"578","All","All","All","All","PARCC","Traditional","Tested","Math","Geometry","2014-2015","Special Education",0.4,0.52,0.07,0.01,0,0.01,0.08
"579","All","All","All","All","PARCC","Traditional","Tested","Math","Geometry","2014-2015","Subclaim 4",0.14,0.27,0.59,NA,NA,0.41,NA
"580","All","All","All","All","PARCC","Traditional","Tested","Math","Geometry","2014-2015","Subclaim 1",0.11,0.27,0.62,NA,NA,0.38,NA
"581","All","All","All","All","PARCC","Traditional","Tested","Math","Geometry","2014-2015","Subclaim 2",0.1,0.15,0.75,NA,NA,0.25,NA
"582","All","All","All","All","PARCC","Traditional","Tested","Math","Geometry","2014-2015","Subclaim 3",0.12,0.18,0.7,NA,NA,0.3,NA
"583","All","All","All","All","PARCC","Traditional","Tested","Math","3rd Grade","2014-2015","Not Special Education",0.15,0.23,0.28,0.28,0.06,0.34,0.62
"584","All","All","All","All","PARCC","Traditional","Tested","Math","3rd Grade","2014-2015","Not Limited English Proficient",0.2,0.23,0.25,0.26,0.05,0.31,0.57
"585","All","All","All","All","PARCC","Traditional","Tested","Math","3rd Grade","2014-2015","Not Economically Disadvantaged",0.04,0.12,0.25,0.44,0.16,0.6,0.84
"586","All","All","All","All","PARCC","Traditional","Tested","Math","3rd Grade","2014-2015","All",0.19,0.24,0.26,0.25,0.05,0.3,0.56
"587","All","All","All","All","PARCC","Traditional","Tested","Math","3rd Grade","2014-2015","Economically Disadvantaged",0.24,0.28,0.27,0.2,0.02,0.22,0.48
"588","All","All","All","All","PARCC","Traditional","Tested","Math","3rd Grade","2014-2015","Limited English Proficient",0.17,0.29,0.3,0.21,0.03,0.24,0.54
"589","All","All","All","All","PARCC","Traditional","Tested","Math","3rd Grade","2014-2015","Female",0.18,0.25,0.28,0.24,0.05,0.29,0.57
"590","All","All","All","All","PARCC","Traditional","Tested","Math","3rd Grade","2014-2015","Hispanic",0.16,0.28,0.31,0.22,0.03,0.25,0.56
"591","All","All","All","All","PARCC","Traditional","Tested","Math","3rd Grade","2014-2015","Asian",0.03,0.05,0.28,0.46,0.18,0.64,0.92
"592","All","All","All","All","PARCC","Traditional","Tested","Math","3rd Grade","2014-2015","Black/African American",0.24,0.27,0.26,0.2,0.02,0.23,0.49
"593","All","All","All","All","PARCC","Traditional","Tested","Math","3rd Grade","2014-2015","White",0.01,0.06,0.19,0.53,0.21,0.73,0.92
"594","All","All","All","All","PARCC","Traditional","Tested","Math","3rd Grade","2014-2015","Male",0.21,0.24,0.24,0.26,0.06,0.31,0.56
"595","All","All","All","All","PARCC","Traditional","Tested","Math","3rd Grade","2014-2015","Multiracial",0.06,0.09,0.2,0.44,0.22,0.66,0.85
"596","All","All","All","All","PARCC","Traditional","Tested","Math","3rd Grade","2014-2015","Special Education",0.49,0.29,0.15,0.06,0,0.06,0.21
"597","All","All","All","All","PARCC","Traditional","Tested","Math","3rd Grade","2014-2015","Subclaim 2",0.36,0.24,0.41,NA,NA,0.59,NA
"598","All","All","All","All","PARCC","Traditional","Tested","Math","3rd Grade","2014-2015","Subclaim 1",0.33,0.25,0.42,NA,NA,0.58,NA
"599","All","All","All","All","PARCC","Traditional","Tested","Math","3rd Grade","2014-2015","Subclaim 3",0.32,0.29,0.38,NA,NA,0.62,NA
"600","All","All","All","All","PARCC","Traditional","Tested","Math","3rd Grade","2014-2015","Subclaim 4",0.41,0.19,0.39,NA,NA,0.61,NA
"601","All","All","All","All","PARCC","Traditional","Tested","Math","4th Grade","2014-2015","Limited English Proficient",0.14,0.33,0.32,0.2,0.01,0.21,0.53
"602","All","All","All","All","PARCC","Traditional","Tested","Math","4th Grade","2014-2015","Multiracial",0.06,0.11,0.25,0.48,0.09,0.57,0.82
"603","All","All","All","All","PARCC","Traditional","Tested","Math","4th Grade","2014-2015","Not Economically Disadvantaged",0.05,0.13,0.23,0.51,0.09,0.6,0.83
"604","All","All","All","All","PARCC","Traditional","Tested","Math","4th Grade","2014-2015","Black/African American",0.23,0.32,0.25,0.19,0.01,0.2,0.45
"605","All","All","All","All","PARCC","Traditional","Tested","Math","4th Grade","2014-2015","White",0.01,0.08,0.18,0.58,0.14,0.72,0.91
"606","All","All","All","All","PARCC","Traditional","Tested","Math","4th Grade","2014-2015","Female",0.16,0.28,0.27,0.27,0.03,0.29,0.56
"607","All","All","All","All","PARCC","Traditional","Tested","Math","4th Grade","2014-2015","Not Special Education",0.14,0.27,0.28,0.28,0.03,0.31,0.59
"608","All","All","All","All","PARCC","Traditional","Tested","Math","4th Grade","2014-2015","Hispanic",0.12,0.29,0.33,0.25,0.01,0.26,0.59
"609","All","All","All","All","PARCC","Traditional","Tested","Math","4th Grade","2014-2015","Economically Disadvantaged",0.23,0.33,0.26,0.17,0.01,0.18,0.44
"610","All","All","All","All","PARCC","Traditional","Tested","Math","4th Grade","2014-2015","Male",0.21,0.28,0.25,0.24,0.02,0.27,0.51
"611","All","All","All","All","PARCC","Traditional","Tested","Math","4th Grade","2014-2015","All",0.19,0.28,0.26,0.25,0.03,0.28,0.54
"612","All","All","All","All","PARCC","Traditional","Tested","Math","4th Grade","2014-2015","Not Limited English Proficient",0.19,0.27,0.25,0.26,0.03,0.29,0.54
"613","All","All","All","All","PARCC","Traditional","Tested","Math","4th Grade","2014-2015","Asian",0.02,0.08,0.18,0.57,0.15,0.72,0.9
"614","All","All","All","All","PARCC","Traditional","Tested","Math","4th Grade","2014-2015","Special Education",0.45,0.36,0.12,0.07,0,0.07,0.19
"615","All","All","All","All","PARCC","Traditional","Tested","Math","4th Grade","2014-2015","Subclaim 2",0.37,0.26,0.37,NA,NA,0.63,NA
"616","All","All","All","All","PARCC","Traditional","Tested","Math","4th Grade","2014-2015","Subclaim 3",0.24,0.21,0.55,NA,NA,0.45,NA
"617","All","All","All","All","PARCC","Traditional","Tested","Math","4th Grade","2014-2015","Subclaim 1",0.29,0.25,0.46,NA,NA,0.54,NA
"618","All","All","All","All","PARCC","Traditional","Tested","Math","4th Grade","2014-2015","Subclaim 4",0.38,0.24,0.38,NA,NA,0.62,NA
"619","All","All","All","All","PARCC","Traditional","Tested","Math","5th Grade","2014-2015","Asian",0.02,0.05,0.19,0.62,0.13,0.75,0.94
"620","All","All","All","All","PARCC","Traditional","Tested","Math","5th Grade","2014-2015","Multiracial",0.01,0.13,0.31,0.49,0.06,0.55,0.86
"621","All","All","All","All","PARCC","Traditional","Tested","Math","5th Grade","2014-2015","Black/African American",0.19,0.35,0.29,0.16,0.01,0.17,0.46
"622","All","All","All","All","PARCC","Traditional","Tested","Math","5th Grade","2014-2015","Hispanic",0.13,0.34,0.31,0.2,0.02,0.22,0.53
"623","All","All","All","All","PARCC","Traditional","Tested","Math","5th Grade","2014-2015","Economically Disadvantaged",0.19,0.36,0.29,0.15,0.01,0.15,0.45
"624","All","All","All","All","PARCC","Traditional","Tested","Math","5th Grade","2014-2015","White",0.02,0.08,0.18,0.55,0.18,0.72,0.9
"625","All","All","All","All","PARCC","Traditional","Tested","Math","5th Grade","2014-2015","Male",0.17,0.31,0.27,0.21,0.03,0.24,0.51
"626","All","All","All","All","PARCC","Traditional","Tested","Math","5th Grade","2014-2015","Not Limited English Proficient",0.15,0.3,0.28,0.24,0.03,0.27,0.54
"627","All","All","All","All","PARCC","Traditional","Tested","Math","5th Grade","2014-2015","All",0.16,0.31,0.28,0.22,0.03,0.25,0.53
"628","All","All","All","All","PARCC","Traditional","Tested","Math","5th Grade","2014-2015","Not Economically Disadvantaged",0.05,0.17,0.25,0.44,0.09,0.53,0.78
"629","All","All","All","All","PARCC","Traditional","Tested","Math","5th Grade","2014-2015","Not Special Education",0.11,0.29,0.31,0.26,0.03,0.29,0.6
"630","All","All","All","All","PARCC","Traditional","Tested","Math","5th Grade","2014-2015","Female",0.14,0.31,0.29,0.23,0.03,0.26,0.55
"631","All","All","All","All","PARCC","Traditional","Tested","Math","5th Grade","2014-2015","Limited English Proficient",0.18,0.39,0.31,0.11,0.01,0.12,0.43
"632","All","All","All","All","PARCC","Traditional","Tested","Math","5th Grade","2014-2015","Special Education",0.37,0.44,0.14,0.05,0,0.05,0.19
"633","All","All","All","All","PARCC","Traditional","Tested","Math","5th Grade","2014-2015","Subclaim 2",0.34,0.27,0.39,NA,NA,0.61,NA
"634","All","All","All","All","PARCC","Traditional","Tested","Math","5th Grade","2014-2015","Subclaim 1",0.27,0.29,0.44,NA,NA,0.56,NA
"635","All","All","All","All","PARCC","Traditional","Tested","Math","5th Grade","2014-2015","Subclaim 4",0.36,0.16,0.47,NA,NA,0.53,NA
"636","All","All","All","All","PARCC","Traditional","Tested","Math","5th Grade","2014-2015","Subclaim 3",0.28,0.3,0.42,NA,NA,0.58,NA
"637","All","All","All","All","PARCC","Traditional","Tested","Math","6th Grade","2014-2015","Multiracial",0.03,0.15,0.32,0.42,0.08,0.51,0.82
"638","All","All","All","All","PARCC","Traditional","Tested","Math","6th Grade","2014-2015","All",0.21,0.33,0.26,0.19,0.02,0.21,0.46
"639","All","All","All","All","PARCC","Traditional","Tested","Math","6th Grade","2014-2015","Economically Disadvantaged",0.26,0.38,0.25,0.11,0,0.12,0.37
"640","All","All","All","All","PARCC","Traditional","Tested","Math","6th Grade","2014-2015","Not Limited English Proficient",0.2,0.33,0.26,0.19,0.02,0.21,0.47
"641","All","All","All","All","PARCC","Traditional","Tested","Math","6th Grade","2014-2015","Male",0.24,0.33,0.25,0.17,0.02,0.19,0.44
"642","All","All","All","All","PARCC","Traditional","Tested","Math","6th Grade","2014-2015","Asian",0.06,0.16,0.23,0.41,0.14,0.54,0.77
"643","All","All","All","All","PARCC","Traditional","Tested","Math","6th Grade","2014-2015","White",0.02,0.07,0.2,0.61,0.1,0.71,0.91
"644","All","All","All","All","PARCC","Traditional","Tested","Math","6th Grade","2014-2015","Hispanic",0.17,0.33,0.31,0.17,0.02,0.19,0.5
"645","All","All","All","All","PARCC","Traditional","Tested","Math","6th Grade","2014-2015","Not Special Education",0.16,0.31,0.29,0.22,0.02,0.24,0.53
"646","All","All","All","All","PARCC","Traditional","Tested","Math","6th Grade","2014-2015","Limited English Proficient",0.28,0.38,0.21,0.13,0,0.14,0.34
"647","All","All","All","All","PARCC","Traditional","Tested","Math","6th Grade","2014-2015","Black/African American",0.24,0.37,0.25,0.13,0,0.13,0.39
"648","All","All","All","All","PARCC","Traditional","Tested","Math","6th Grade","2014-2015","Not Economically Disadvantaged",0.08,0.21,0.27,0.38,0.06,0.44,0.72
"649","All","All","All","All","PARCC","Traditional","Tested","Math","6th Grade","2014-2015","Female",0.17,0.33,0.27,0.2,0.02,0.22,0.49
"650","All","All","All","All","PARCC","Traditional","Tested","Math","6th Grade","2014-2015","Special Education",0.43,0.42,0.12,0.04,0,0.04,0.15
"651","All","All","All","All","PARCC","Traditional","Tested","Math","6th Grade","2014-2015","Subclaim 4",0.26,0.28,0.46,NA,NA,0.54,NA
"652","All","All","All","All","PARCC","Traditional","Tested","Math","6th Grade","2014-2015","Subclaim 2",0.26,0.23,0.52,NA,NA,0.48,NA
"653","All","All","All","All","PARCC","Traditional","Tested","Math","6th Grade","2014-2015","Subclaim 1",0.22,0.24,0.53,NA,NA,0.47,NA
"654","All","All","All","All","PARCC","Traditional","Tested","Math","6th Grade","2014-2015","Subclaim 3",0.23,0.2,0.57,NA,NA,0.43,NA
"655","All","All","All","All","PARCC","Traditional","Tested","Math","7th Grade","2014-2015","Asian",0.06,0.2,0.37,0.35,0.02,0.37,0.75
"656","All","All","All","All","PARCC","Traditional","Tested","Math","7th Grade","2014-2015","Male",0.25,0.36,0.25,0.13,0.01,0.14,0.39
"657","All","All","All","All","PARCC","Traditional","Tested","Math","7th Grade","2014-2015","Economically Disadvantaged",0.24,0.4,0.27,0.09,0,0.09,0.36
"658","All","All","All","All","PARCC","Traditional","Tested","Math","7th Grade","2014-2015","White",0.04,0.08,0.29,0.49,0.1,0.59,0.88
"659","All","All","All","All","PARCC","Traditional","Tested","Math","7th Grade","2014-2015","Not Economically Disadvantaged",0.09,0.24,0.34,0.29,0.04,0.33,0.67
"660","All","All","All","All","PARCC","Traditional","Tested","Math","7th Grade","2014-2015","Black/African American",0.23,0.4,0.27,0.09,0,0.1,0.37
"661","All","All","All","All","PARCC","Traditional","Tested","Math","7th Grade","2014-2015","Multiracial",0.08,0.19,0.21,0.4,0.13,0.52,0.73
"662","All","All","All","All","PARCC","Traditional","Tested","Math","7th Grade","2014-2015","Female",0.16,0.38,0.32,0.13,0.01,0.14,0.46
"663","All","All","All","All","PARCC","Traditional","Tested","Math","7th Grade","2014-2015","Limited English Proficient",0.34,0.4,0.2,0.05,0,0.05,0.26
"664","All","All","All","All","PARCC","Traditional","Tested","Math","7th Grade","2014-2015","Hispanic",0.18,0.35,0.32,0.14,0.01,0.15,0.47
"665","All","All","All","All","PARCC","Traditional","Tested","Math","7th Grade","2014-2015","Not Special Education",0.14,0.37,0.33,0.15,0.01,0.17,0.49
"666","All","All","All","All","PARCC","Traditional","Tested","Math","7th Grade","2014-2015","All",0.21,0.37,0.28,0.13,0.01,0.14,0.42
"667","All","All","All","All","PARCC","Traditional","Tested","Math","7th Grade","2014-2015","Not Limited English Proficient",0.2,0.37,0.29,0.14,0.01,0.15,0.44
"668","All","All","All","All","PARCC","Traditional","Tested","Math","7th Grade","2014-2015","Special Education",0.5,0.37,0.1,0.02,0,0.02,0.13
"669","All","All","All","All","PARCC","Traditional","Tested","Math","7th Grade","2014-2015","Subclaim 4",0.19,0.36,0.45,NA,NA,0.55,NA
"670","All","All","All","All","PARCC","Traditional","Tested","Math","7th Grade","2014-2015","Subclaim 3",0.14,0.21,0.65,NA,NA,0.35,NA
"671","All","All","All","All","PARCC","Traditional","Tested","Math","7th Grade","2014-2015","Subclaim 2",0.22,0.29,0.48,NA,NA,0.52,NA
"672","All","All","All","All","PARCC","Traditional","Tested","Math","7th Grade","2014-2015","Subclaim 1",0.17,0.29,0.54,NA,NA,0.46,NA
"673","All","All","All","All","PARCC","Traditional","Tested","Math","8th Grade","2014-2015","Female",0.32,0.28,0.2,0.18,0.02,0.2,0.4
"674","All","All","All","All","PARCC","Traditional","Tested","Math","8th Grade","2014-2015","Black/African American",0.38,0.29,0.18,0.14,0.01,0.15,0.33
"675","All","All","All","All","PARCC","Traditional","Tested","Math","8th Grade","2014-2015","Not Economically Disadvantaged",0.18,0.23,0.22,0.3,0.07,0.37,0.59
"676","All","All","All","All","PARCC","Traditional","Tested","Math","8th Grade","2014-2015","Economically Disadvantaged",0.41,0.29,0.17,0.12,0.01,0.13,0.3
"677","All","All","All","All","PARCC","Traditional","Tested","Math","8th Grade","2014-2015","All",0.37,0.28,0.18,0.15,0.02,0.17,0.35
"678","All","All","All","All","PARCC","Traditional","Tested","Math","8th Grade","2014-2015","Limited English Proficient",0.47,0.26,0.17,0.1,0,0.1,0.27
"679","All","All","All","All","PARCC","Traditional","Tested","Math","8th Grade","2014-2015","White",0.1,0.15,0.17,0.4,0.18,0.58,0.75
"680","All","All","All","All","PARCC","Traditional","Tested","Math","8th Grade","2014-2015","Multiracial",0.2,0.2,0.12,0.36,0.12,0.48,0.6
"681","All","All","All","All","PARCC","Traditional","Tested","Math","8th Grade","2014-2015","Hispanic",0.37,0.25,0.21,0.16,0.01,0.16,0.38
"682","All","All","All","All","PARCC","Traditional","Tested","Math","8th Grade","2014-2015","Not Limited English Proficient",0.36,0.28,0.18,0.16,0.02,0.18,0.36
"683","All","All","All","All","PARCC","Traditional","Tested","Math","8th Grade","2014-2015","Asian",0.15,0.07,0.22,0.41,0.15,0.56,0.78
"684","All","All","All","All","PARCC","Traditional","Tested","Math","8th Grade","2014-2015","Not Special Education",0.27,0.29,0.22,0.19,0.02,0.21,0.43
"685","All","All","All","All","PARCC","Traditional","Tested","Math","8th Grade","2014-2015","Male",0.42,0.28,0.16,0.12,0.02,0.14,0.3
"686","All","All","All","All","PARCC","Traditional","Tested","Math","8th Grade","2014-2015","Special Education",0.72,0.22,0.05,0.02,0,0.02,0.07
"687","All","All","All","All","PARCC","Traditional","Tested","Math","8th Grade","2014-2015","Subclaim 2",0.22,0.21,0.57,NA,NA,0.43,NA
"688","All","All","All","All","PARCC","Traditional","Tested","Math","8th Grade","2014-2015","Subclaim 3",0.16,0.15,0.7,NA,NA,0.3,NA
"689","All","All","All","All","PARCC","Traditional","Tested","Math","8th Grade","2014-2015","Subclaim 4",0.22,0.24,0.55,NA,NA,0.45,NA
"690","All","All","All","All","PARCC","Traditional","Tested","Math","8th Grade","2014-2015","Subclaim 1",0.21,0.18,0.61,NA,NA,0.39,NA
